id,region_name,service_name,op_name,phone
01,Республика Адыгея,Единая служба спасения в Республике Адыгея,Теле2,112
01,Республика Адыгея,Единая служба спасения в Республике Адыгея,Билайн,112
01,Республика Адыгея,Единая служба спасения в Республике Адыгея,МТС,112
01,Республика Адыгея,Единая служба спасения в Республике Адыгея,Мегафон,112
01,Республика Адыгея,Единая служба спасения в Республике Адыгея,Мотив,
01,Республика Адыгея,Единый телефон пожарных и спасателей в Республике Адыгея,Теле2,010
01,Республика Адыгея,Единый телефон пожарных и спасателей в Республике Адыгея,Билайн,010
01,Республика Адыгея,Единый телефон пожарных и спасателей в Республике Адыгея,МТС,010
01,Республика Адыгея,Единый телефон пожарных и спасателей в Республике Адыгея,Мегафон,010
01,Республика Адыгея,Единый телефон пожарных и спасателей в Республике Адыгея,Мотив,
01,Республика Адыгея,Полиция в Республике Адыгея,Теле2,020
01,Республика Адыгея,Полиция в Республике Адыгея,Билайн,020
01,Республика Адыгея,Полиция в Республике Адыгея,МТС,020
01,Республика Адыгея,Полиция в Республике Адыгея,Мегафон,020
01,Республика Адыгея,Полиция в Республике Адыгея,Мотив,
01,Республика Адыгея,Скорая помощь в Республике Адыгея,Теле2,030
01,Республика Адыгея,Скорая помощь в Республике Адыгея,Билайн,030
01,Республика Адыгея,Скорая помощь в Республике Адыгея,МТС,030
01,Республика Адыгея,Скорая помощь в Республике Адыгея,Мегафон,030
01,Республика Адыгея,Скорая помощь в Республике Адыгея,Мотив,
01,Республика Адыгея,Аварийная газовая служба в Республике Адыгея,Теле2,040
01,Республика Адыгея,Аварийная газовая служба в Республике Адыгея,Билайн,040
01,Республика Адыгея,Аварийная газовая служба в Республике Адыгея,МТС,040
01,Республика Адыгея,Аварийная газовая служба в Республике Адыгея,Мегафон,040
01,Республика Адыгея,Аварийная газовая служба в Республике Адыгея,Мотив,
02,Республика Башкортостан,Единый телефон спасения,Другие,112
02,Республика Башкортостан,Единый телефон спасения,Билайн,112
02,Республика Башкортостан,Единый телефон спасения,МТС,112
02,Республика Башкортостан,Единый телефон спасения,Мегафон,112
02,Республика Башкортостан,Единый телефон пожарных и спасателей,Другие,010
02,Республика Башкортостан,Единый телефон пожарных и спасателей,Билайн,010
02,Республика Башкортостан,Единый телефон пожарных и спасателей,МТС,010
02,Республика Башкортостан,Единый телефон пожарных и спасателей,Мегафон,010
02,Республика Башкортостан,Полиция,Другие,"020, 128"
02,Республика Башкортостан,Полиция,Билайн,"020, 128"
02,Республика Башкортостан,Полиция,МТС,"020, 128"
02,Республика Башкортостан,Полиция,Мегафон,"020, 128"
02,Республика Башкортостан,Скорая помощь,Другие,030
02,Республика Башкортостан,Скорая помощь,Билайн,030
02,Республика Башкортостан,Скорая помощь,МТС,030
02,Республика Башкортостан,Скорая помощь,Мегафон,030
02,Республика Башкортостан,Аварийная газовая служба,Другие,040
02,Республика Башкортостан,Аварийная газовая служба,Билайн,040
02,Республика Башкортостан,Аварийная газовая служба,МТС,040
02,Республика Башкортостан,Аварийная газовая служба,Мегафон,040
03,Республика Бурятия,Единый телефон пожарных и спасателей в Республике Бурятия,Другие,010
03,Республика Бурятия,Единый телефон пожарных и спасателей в Республике Бурятия,Билайн,010
03,Республика Бурятия,Единый телефон пожарных и спасателей в Республике Бурятия,МТС,010
03,Республика Бурятия,Единый телефон пожарных и спасателей в Республике Бурятия,Мегафон,010
03,Республика Бурятия,Полиция в Республике Бурятия,Другие,020
03,Республика Бурятия,Полиция в Республике Бурятия,Билайн,020
03,Республика Бурятия,Полиция в Республике Бурятия,МТС,020
03,Республика Бурятия,Полиция в Республике Бурятия,Мегафон,020
03,Республика Бурятия,Скорая помощь в Республике Бурятия,Другие,030
03,Республика Бурятия,Скорая помощь в Республике Бурятия,Билайн,030
03,Республика Бурятия,Скорая помощь в Республике Бурятия,МТС,030
03,Республика Бурятия,Скорая помощь в Республике Бурятия,Мегафон,030
04,Республика Алтай,Единая служба спасения в Республике Алтай,Другие,112
04,Республика Алтай,Единая служба спасения в Республике Алтай,Билайн,112
04,Республика Алтай,Единая служба спасения в Республике Алтай,МТС,112
04,Республика Алтай,Единая служба спасения в Республике Алтай,Мегафон,112
04,Республика Алтай,Единый телефон пожарных и спасателей в Республике Алтай,Другие,010
04,Республика Алтай,Единый телефон пожарных и спасателей в Республике Алтай,Билайн,010
04,Республика Алтай,Единый телефон пожарных и спасателей в Республике Алтай,МТС,010
04,Республика Алтай,Единый телефон пожарных и спасателей в Республике Алтай,Мегафон,010
04,Республика Алтай,Полиция в Республике Алтай,Другие,020
04,Республика Алтай,Полиция в Республике Алтай,Билайн,020
04,Республика Алтай,Полиция в Республике Алтай,МТС,020
04,Республика Алтай,Полиция в Республике Алтай,Мегафон,020
04,Республика Алтай,Скорая помощь в Республике Алтай,Другие,030
04,Республика Алтай,Скорая помощь в Республике Алтай,Билайн,030
04,Республика Алтай,Скорая помощь в Республике Алтай,МТС,030
04,Республика Алтай,Скорая помощь в Республике Алтай,Мегафон,030
04,Республика Алтай,Аварийная газовая служба в Республике Алтай,Другие,040
04,Республика Алтай,Аварийная газовая служба в Республике Алтай,Билайн,040
04,Республика Алтай,Аварийная газовая служба в Республике Алтай,МТС,040
04,Республика Алтай,Аварийная газовая служба в Республике Алтай,Мегафон,040
05,Республика Дагестан,Единый телефон пожарных и спасателей в Республике Дагестан,Билайн,001
05,Республика Дагестан,Единый телефон пожарных и спасателей в Республике Дагестан,Мегафон,010
05,Республика Дагестан,Единый телефон пожарных и спасателей в Республике Дагестан,МТС,010
05,Республика Дагестан,Полиция в Республике Дагестан,Билайн,002
05,Республика Дагестан,Полиция в Республике Дагестан,Мегафон,"020, 022"
05,Республика Дагестан,Полиция в Республике Дагестан,МТС,020
05,Республика Дагестан,Скорая помощь в Республике Дагестан,Билайн,003
05,Республика Дагестан,Скорая помощь в Республике Дагестан,Мегафон,"030, 033"
05,Республика Дагестан,Скорая помощь в Республике Дагестан,МТС,030
05,Республика Дагестан,Аварийная газовая служба в Республике Дагестан,Билайн,004
05,Республика Дагестан,Аварийная газовая служба в Республике Дагестан,Мегафон,"040, 044"
05,Республика Дагестан,Аварийная газовая служба в Республике Дагестан,МТС,040
06,Республика Ингушетия,Единая служба спасения в Республике Ингушетия,Билайн,112
06,Республика Ингушетия,Единая служба спасения в Республике Ингушетия,Мегафон,112
06,Республика Ингушетия,Единая служба спасения в Республике Ингушетия,МТС,112
06,Республика Ингушетия,Единый телефон пожарных и спасателей в Республике Ингушетия,Билайн,010
06,Республика Ингушетия,Единый телефон пожарных и спасателей в Республике Ингушетия,Мегафон,010
06,Республика Ингушетия,Единый телефон пожарных и спасателей в Республике Ингушетия,МТС,010
06,Республика Ингушетия,Полиция в Республике Ингушетия,Билайн,020
06,Республика Ингушетия,Полиция в Республике Ингушетия,Мегафон,020
06,Республика Ингушетия,Полиция в Республике Ингушетия,МТС,020
06,Республика Ингушетия,Скорая помощь в Республике Ингушетия,Билайн,030
06,Республика Ингушетия,Скорая помощь в Республике Ингушетия,Мегафон,030
06,Республика Ингушетия,Скорая помощь в Республике Ингушетия,МТС,030
06,Республика Ингушетия,Аварийная газовая служба в Республике Ингушетия,Билайн,040
06,Республика Ингушетия,Аварийная газовая служба в Республике Ингушетия,Мегафон,040
06,Республика Ингушетия,Аварийная газовая служба в Республике Ингушетия,МТС,040
07,Кабардино-Балкарская Республика,Единый телефон пожарных и спасателей в Кабардино-Балкарской Республике,Билайн,001
07,Кабардино-Балкарская Республика,Единый телефон пожарных и спасателей в Кабардино-Балкарской Республике,Мегафон,010
07,Кабардино-Балкарская Республика,Единый телефон пожарных и спасателей в Кабардино-Балкарской Республике,МТС,010
07,Кабардино-Балкарская Республика,Полиция в Кабардино-Балкарской Республике,Билайн,002
07,Кабардино-Балкарская Республика,Полиция в Кабардино-Балкарской Республике,Мегафон,020
07,Кабардино-Балкарская Республика,Полиция в Кабардино-Балкарской Республике,МТС,020
07,Кабардино-Балкарская Республика,Скорая помощь в Кабардино-Балкарской Республике,Билайн,003
07,Кабардино-Балкарская Республика,Скорая помощь в Кабардино-Балкарской Республике,Мегафон,030
07,Кабардино-Балкарская Республика,Скорая помощь в Кабардино-Балкарской Республике,МТС,030
07,Кабардино-Балкарская Республика,Аварийная газовая служба в Кабардино-Балкарской Республике,Билайн,004
07,Кабардино-Балкарская Республика,Аварийная газовая служба в Кабардино-Балкарской Республике,Мегафон,040
07,Кабардино-Балкарская Республика,Аварийная газовая служба в Кабардино-Балкарской Республике,МТС,040
08,Республика Калмыкия,Единая служба спасения в Республике Калмыкия ,Билайн,112
08,Республика Калмыкия,Единая служба спасения в Республике Калмыкия ,Мегафон,112
08,Республика Калмыкия,Единая служба спасения в Республике Калмыкия ,МТС,112
08,Республика Калмыкия,Единый телефон пожарных и спасателей в Республике Калмыкия,Билайн,001
08,Республика Калмыкия,Единый телефон пожарных и спасателей в Республике Калмыкия,Мегафон,010
08,Республика Калмыкия,Единый телефон пожарных и спасателей в Республике Калмыкия,МТС,010
08,Республика Калмыкия,Полиция в Республике Калмыкия,Билайн,002
08,Республика Калмыкия,Полиция в Республике Калмыкия,Мегафон,020
08,Республика Калмыкия,Полиция в Республике Калмыкия,МТС,020
08,Республика Калмыкия,Скорая помощь в Республике Калмыкия,Билайн,003
08,Республика Калмыкия,Скорая помощь в Республике Калмыкия,Мегафон,030
08,Республика Калмыкия,Скорая помощь в Республике Калмыкия,МТС,030
08,Республика Калмыкия,Аварийная газовая служба в Республике Калмыкия,Билайн,88472262804
08,Республика Калмыкия,Аварийная газовая служба в Республике Калмыкия,Мегафон,88472262804
08,Республика Калмыкия,Аварийная газовая служба в Республике Калмыкия,МТС,88472262804
09,Республика Карачаево-Черкессия,Единая служба спасения в Карачаево-Черкесской Республике,Билайн,112
09,Республика Карачаево-Черкессия,Единая служба спасения в Карачаево-Черкесской Республике,Мегафон,112
09,Республика Карачаево-Черкессия,Единая служба спасения в Карачаево-Черкесской Республике,МТС,112
09,Республика Карачаево-Черкессия,Единый телефон пожарных и спасателей в Карачаево-Черкесской Республике,Билайн,001
09,Республика Карачаево-Черкессия,Единый телефон пожарных и спасателей в Карачаево-Черкесской Республике,Мегафон,010
09,Республика Карачаево-Черкессия,Единый телефон пожарных и спасателей в Карачаево-Черкесской Республике,МТС,010
09,Республика Карачаево-Черкессия,Полиция в Карачаево-Черкесской Республике,Билайн,020
09,Республика Карачаево-Черкессия,Полиция в Карачаево-Черкесской Республике,Мегафон,020
09,Республика Карачаево-Черкессия,Полиция в Карачаево-Черкесской Республике,МТС,020
09,Республика Карачаево-Черкессия,Скорая помощь в Карачаево-Черкесской Республике,Билайн,030
09,Республика Карачаево-Черкессия,Скорая помощь в Карачаево-Черкесской Республике,Мегафон,030
09,Республика Карачаево-Черкессия,Скорая помощь в Карачаево-Черкесской Республике,МТС,030
09,Республика Карачаево-Черкессия,Аварийная газовая служба в Карачаево-Черкесской Республике,Билайн,040
09,Республика Карачаево-Черкессия,Аварийная газовая служба в Карачаево-Черкесской Республике,Мегафон,040
09,Республика Карачаево-Черкессия,Аварийная газовая служба в Карачаево-Черкесской Республике,МТС,040
10,Республика Карелия,Номера экстренных служб в республике Карелия,МТС,112
10,Республика Карелия,Номера экстренных служб в республике Карелия,Билайн,010
10,Республика Карелия,Номера экстренных служб в республике Карелия,Мегафон,010
10,Республика Карелия,Номера экстренных служб в республике Карелия,Другие,112
10,Республика Карелия,Номер вызова пожарной службы,МТС,112 или 010
10,Республика Карелия,Номер вызова пожарной службы,Билайн,112 - 1 или 010
10,Республика Карелия,Номер вызова пожарной службы,Мегафон,112 - 1 или 010
10,Республика Карелия,Номер вызова пожарной службы,Другие,112 или 010
10,Республика Карелия,Номер вызова полиции Карелия,МТС,112 - 2 или 020112 или 020
10,Республика Карелия,Номер вызова полиции Карелия,Билайн,112 - 2 или 020
10,Республика Карелия,Номер вызова полиции Карелия,Мегафон,112 - 2 или 020
10,Республика Карелия,Номер вызова полиции Карелия,Другие,112 или 020
10,Республика Карелия,Номер вызова скорой помощи Карелия,МТС,112 или 030
10,Республика Карелия,Номер вызова скорой помощи Карелия,Билайн,112 – 3 или 030
10,Республика Карелия,Номер вызова скорой помощи Карелия,Мегафон,112 – 3 или 030
10,Республика Карелия,Номер вызова скорой помощи Карелия,Другие,112 или 030
10,Республика Карелия,Номер вызова газовой аварийной службы Карелия,МТС,112 или 040
10,Республика Карелия,Номер вызова газовой аварийной службы Карелия,Билайн,112 – 4 или 040
10,Республика Карелия,Номер вызова газовой аварийной службы Карелия,Мегафон,112 – 4 или 040
10,Республика Карелия,Номер вызова газовой аварийной службы Карелия,Другие,112 или 040
11,Республика Коми,Номера экстренных служб в республике Коми,МТС,"112, 8 код города 01, 8 код города 02,8код города03,8код города04"
11,Республика Коми,Номера экстренных служб в республике Коми,Билайн,"112,001,002, 003,004"
11,Республика Коми,Номера экстренных служб в республике Коми,Мегафон,"112,010,020, 030,040"
11,Республика Коми,Номера экстренных служб в республике Коми,Другие,"112,01*,02*, 03*,04*"
11,Республика Коми,Пожарная охрана,МТС,8(код города)01
11,Республика Коми,Пожарная охрана,Билайн,001
11,Республика Коми,Пожарная охрана,Мегафон,01
11,Республика Коми,Пожарная охрана,Другие,Теле2 01*
11,Республика Коми,Полиция,МТС,8(код города)02
11,Республика Коми,Полиция,Билайн,002
11,Республика Коми,Полиция,Мегафон,02
11,Республика Коми,Полиция,Другие,Теле2 02*
11,Республика Коми,Скорая помощь,МТС,8(код города)03
11,Республика Коми,Скорая помощь,Билайн,003
11,Республика Коми,Скорая помощь,Мегафон,03
11,Республика Коми,Скорая помощь,Другие,"""Теле2"" 03*"
11,Республика Коми,Служба газа,МТС,8(код города)04
11,Республика Коми,Служба газа,Билайн,004
11,Республика Коми,Служба газа,Мегафон,04
11,Республика Коми,Служба газа,Другие,"""Теле2"" 04*"
11,Республика Коми,Служба спасения,МТС,112
11,Республика Коми,Служба спасения,Билайн,112
11,Республика Коми,Служба спасения,Мегафон,112
11,Республика Коми,Служба спасения,Другие,112
12,Республика Марий Эл,Единый телефон спасения,Другие,112
12,Республика Марий Эл,Единый телефон спасения,Смартс,112
12,Республика Марий Эл,Единый телефон спасения,Билайн,112
12,Республика Марий Эл,Единый телефон спасения,МТС,112
12,Республика Марий Эл,Единый телефон спасения,Мегафон,112
12,Республика Марий Эл,Единый телефон пожарных и спасателей,Другие,010
12,Республика Марий Эл,Единый телефон пожарных и спасателей,Смартс,010
12,Республика Марий Эл,Единый телефон пожарных и спасателей,Билайн,010
12,Республика Марий Эл,Единый телефон пожарных и спасателей,МТС,010
12,Республика Марий Эл,Единый телефон пожарных и спасателей,Мегафон,010
12,Республика Марий Эл,Полиция ,Другие,020
12,Республика Марий Эл,Полиция ,Смартс,020
12,Республика Марий Эл,Полиция ,Билайн,020
12,Республика Марий Эл,Полиция ,МТС,020
12,Республика Марий Эл,Полиция ,Мегафон,020
12,Республика Марий Эл,Скорая помощь,Другие,030
12,Республика Марий Эл,Скорая помощь,Смартс,030
12,Республика Марий Эл,Скорая помощь,Билайн,030
12,Республика Марий Эл,Скорая помощь,МТС,030
12,Республика Марий Эл,Скорая помощь,Мегафон,030
12,Республика Марий Эл,Аварийная газовая служба,Другие,040
12,Республика Марий Эл,Аварийная газовая служба,Смартс,040
12,Республика Марий Эл,Аварийная газовая служба,Билайн,040
12,Республика Марий Эл,Аварийная газовая служба,МТС,040
12,Республика Марий Эл,Аварийная газовая служба,Мегафон,040
13,Республика Мордовия,Единый телефон пожарных и спасателей,МТС,010
13,Республика Мордовия,Единый телефон пожарных и спасателей,Мегафон,010
13,Республика Мордовия,Единый телефон пожарных и спасателей,Нижегородская сотовая связь,010
13,Республика Мордовия,Единый телефон пожарных и спасателей,Билайн,010
13,Республика Мордовия,Единый телефон пожарных и спасателей,Другие,010
13,Республика Мордовия,Полиция ,МТС,112
13,Республика Мордовия,Полиция ,Мегафон,112
13,Республика Мордовия,Полиция ,Нижегородская сотовая связь,112
13,Республика Мордовия,Полиция ,Билайн,112
13,Республика Мордовия,Полиция ,Другие,112
13,Республика Мордовия,Скорая помощь,МТС,020
13,Республика Мордовия,Скорая помощь,Мегафон,020
13,Республика Мордовия,Скорая помощь,Нижегородская сотовая связь,020
13,Республика Мордовия,Скорая помощь,Билайн,020
13,Республика Мордовия,Скорая помощь,Другие,020
13,Республика Мордовия,Аварийная газовая служба,МТС,030
13,Республика Мордовия,Аварийная газовая служба,Мегафон,030
13,Республика Мордовия,Аварийная газовая служба,Нижегородская сотовая связь,030
13,Республика Мордовия,Аварийная газовая служба,Билайн,030
13,Республика Мордовия,Аварийная газовая служба,Другие,030
14,Республика Саха (Якутия),Единая служба спасения,Билайн,112
14,Республика Саха (Якутия),Единая служба спасения,Мегафон,112
14,Республика Саха (Якутия),Единая служба спасения,МТС,112
14,Республика Саха (Якутия),Единый телефон пожарных и спасателей,Билайн,001
14,Республика Саха (Якутия),Единый телефон пожарных и спасателей,Мегафон,010
14,Республика Саха (Якутия),Единый телефон пожарных и спасателей,МТС,010
14,Республика Саха (Якутия),Полиция,Билайн,002
14,Республика Саха (Якутия),Полиция,Мегафон,020
14,Республика Саха (Якутия),Полиция,МТС,020
14,Республика Саха (Якутия),Скорая медицинская помощь,Билайн,003
14,Республика Саха (Якутия),Скорая медицинская помощь,Мегафон,030
14,Республика Саха (Якутия),Скорая медицинская помощь,МТС,030
14,Республика Саха (Якутия),Аварийная газовая служба,Билайн,004
14,Республика Саха (Якутия),Аварийная газовая служба,Мегафон,040
14,Республика Саха (Якутия),Аварийная газовая служба,МТС,040
15,Республика Северная Осетия-Алания,Единая служба спасения в Республике Северная Осетия (Алания),Другие,112
15,Республика Северная Осетия-Алания,Единая служба спасения в Республике Северная Осетия (Алания),Билайн,112
15,Республика Северная Осетия-Алания,Единая служба спасения в Республике Северная Осетия (Алания),МТС,112
15,Республика Северная Осетия-Алания,Единая служба спасения в Республике Северная Осетия (Алания),Мегафон,112
15,Республика Северная Осетия-Алания,Единый телефон пожарных и спасателей в Республике Северная Осетия (Алания),Другие,010
15,Республика Северная Осетия-Алания,Единый телефон пожарных и спасателей в Республике Северная Осетия (Алания),Билайн,010
15,Республика Северная Осетия-Алания,Единый телефон пожарных и спасателей в Республике Северная Осетия (Алания),МТС,010
15,Республика Северная Осетия-Алания,Единый телефон пожарных и спасателей в Республике Северная Осетия (Алания),Мегафон,010
15,Республика Северная Осетия-Алания,Полиция в Республике Северная Осетия (Алания),Другие,020
15,Республика Северная Осетия-Алания,Полиция в Республике Северная Осетия (Алания),Билайн,020
15,Республика Северная Осетия-Алания,Полиция в Республике Северная Осетия (Алания),МТС,020
15,Республика Северная Осетия-Алания,Полиция в Республике Северная Осетия (Алания),Мегафон,020
15,Республика Северная Осетия-Алания,Скорая помощь в Республике Северная Осетия (Алания),Другие,030
15,Республика Северная Осетия-Алания,Скорая помощь в Республике Северная Осетия (Алания),Билайн,030
15,Республика Северная Осетия-Алания,Скорая помощь в Республике Северная Осетия (Алания),МТС,030
15,Республика Северная Осетия-Алания,Скорая помощь в Республике Северная Осетия (Алания),Мегафон,030
15,Республика Северная Осетия-Алания,Аварийная газовая служба в Республике Северная Осетия (Алания),Другие,040
15,Республика Северная Осетия-Алания,Аварийная газовая служба в Республике Северная Осетия (Алания),Билайн,040
15,Республика Северная Осетия-Алания,Аварийная газовая служба в Республике Северная Осетия (Алания),МТС,040
15,Республика Северная Осетия-Алания,Аварийная газовая служба в Республике Северная Осетия (Алания),Мегафон,040
16,Республика Татарстан,Единый телефон пожарных и спасателей ,МТС,112
16,Республика Татарстан,Единый телефон пожарных и спасателей ,Мегафон,112
16,Республика Татарстан,Единый телефон пожарных и спасателей ,Билайн,112
16,Республика Татарстан,Полиция ,МТС,022
16,Республика Татарстан,Полиция ,Мегафон,022
16,Республика Татарстан,Полиция ,Билайн,002
16,Республика Татарстан,Скорая помощь,МТС,033
16,Республика Татарстан,Скорая помощь,Мегафон,033
16,Республика Татарстан,Скорая помощь,Билайн,003
16,Республика Татарстан,Аварийная газовая служба,МТС,044
16,Республика Татарстан,Аварийная газовая служба,Мегафон,044
16,Республика Татарстан,Аварийная газовая служба,Билайн,004
17,Республика Тыва,Служба Спасения,Билайн,112
17,Республика Тыва,Служба Спасения,Мегафон,112
17,Республика Тыва,Служба Спасения,МТС,01*
17,Республика Тыва,Служба Спасения,ЕнисейТелеком,112
17,Республика Тыва,Пожарная охрана «01»,Билайн,01*
17,Республика Тыва,Пожарная охрана «01»,Мегафон,01*
17,Республика Тыва,Пожарная охрана «01»,МТС,01*
17,Республика Тыва,Пожарная охрана «01»,ЕнисейТелеком,01*
17,Республика Тыва,Дежурная часть МВД «02»,Билайн,02*
17,Республика Тыва,Дежурная часть МВД «02»,Мегафон,02*
17,Республика Тыва,Дежурная часть МВД «02»,МТС,112
17,Республика Тыва,Дежурная часть МВД «02»,ЕнисейТелеком,02*
17,Республика Тыва,Скорая медицинская помощь «03»,Билайн,03*
17,Республика Тыва,Скорая медицинская помощь «03»,Мегафон,03*
17,Республика Тыва,Скорая медицинская помощь «03»,МТС,03*
17,Республика Тыва,Скорая медицинская помощь «03»,ЕнисейТелеком,03*
17,Республика Тыва,Служба газа «04»,Билайн,04*
17,Республика Тыва,Служба газа «04»,Мегафон,04*
17,Республика Тыва,Служба газа «04»,МТС,
17,Республика Тыва,Служба газа «04»,ЕнисейТелеком,
18,Удмуртская Республика,Единый телефон спасения,Теле2,112
18,Удмуртская Республика,Единый телефон спасения,Билайн,112
18,Удмуртская Республика,Единый телефон спасения,МТС,112
18,Удмуртская Республика,Единый телефон спасения,Мегафон,112
18,Удмуртская Республика,Единый телефон пожарных и спасателей,Теле2,"011, 01*"
18,Удмуртская Республика,Единый телефон пожарных и спасателей,Билайн,"011, 01*"
18,Удмуртская Республика,Единый телефон пожарных и спасателей,МТС,"011, 01*"
18,Удмуртская Республика,Единый телефон пожарных и спасателей,Мегафон,"011, 01*"
18,Удмуртская Республика,Полиция ,Теле2,"022, 02*"
18,Удмуртская Республика,Полиция ,Билайн,"022, 02*"
18,Удмуртская Республика,Полиция ,МТС,"022, 02*"
18,Удмуртская Республика,Полиция ,Мегафон,"022, 02*"
18,Удмуртская Республика,Скорая помощь,Теле2,"033, 03*"
18,Удмуртская Республика,Скорая помощь,Билайн,"033, 03*"
18,Удмуртская Республика,Скорая помощь,МТС,"033, 03*"
18,Удмуртская Республика,Скорая помощь,Мегафон,"033, 03*"
18,Удмуртская Республика,Аварийная газовая служба,Теле2,"044, 04*"
18,Удмуртская Республика,Аварийная газовая служба,Билайн,"044, 04*"
18,Удмуртская Республика,Аварийная газовая служба,МТС,"044, 04*"
18,Удмуртская Республика,Аварийная газовая служба,Мегафон,"044, 04*"
19,Республика Хакасия,Единая служба спасения в Республике Хакасия,Другие,112
19,Республика Хакасия,Единая служба спасения в Республике Хакасия,Билайн,112
19,Республика Хакасия,Единая служба спасения в Республике Хакасия,МТС,112
19,Республика Хакасия,Единая служба спасения в Республике Хакасия,Мегафон,112
19,Республика Хакасия,Единый телефон пожарных и спасателей в Республике Хакасия,Другие,01*
19,Республика Хакасия,Единый телефон пожарных и спасателей в Республике Хакасия,Билайн,01*
19,Республика Хакасия,Единый телефон пожарных и спасателей в Республике Хакасия,МТС,01*
19,Республика Хакасия,Единый телефон пожарных и спасателей в Республике Хакасия,Мегафон,01*
19,Республика Хакасия,Полиция в Республике Хакасия,Другие,02*
19,Республика Хакасия,Полиция в Республике Хакасия,Билайн,02*
19,Республика Хакасия,Полиция в Республике Хакасия,МТС,02*
19,Республика Хакасия,Полиция в Республике Хакасия,Мегафон,02*
19,Республика Хакасия,Скорая помощь в Республике Хакасия,Другие,03*
19,Республика Хакасия,Скорая помощь в Республике Хакасия,Билайн,03*
19,Республика Хакасия,Скорая помощь в Республике Хакасия,МТС,03*
19,Республика Хакасия,Скорая помощь в Республике Хакасия,Мегафон,03*
19,Республика Хакасия,Аварийная газовая служба в Республике Хакасия,Другие,04*
19,Республика Хакасия,Аварийная газовая служба в Республике Хакасия,Билайн,04*
19,Республика Хакасия,Аварийная газовая служба в Республике Хакасия,МТС,04*
19,Республика Хакасия,Аварийная газовая служба в Республике Хакасия,Мегафон,04*
19,Республика Хакасия,Справочная служба в Республике Хакасия,Другие,09*
19,Республика Хакасия,Справочная служба в Республике Хакасия,Билайн,09*
19,Республика Хакасия,Справочная служба в Республике Хакасия,МТС,09*
19,Республика Хакасия,Справочная служба в Республике Хакасия,Мегафон,09*
20,Чеченская республика,Единый телефон пожарных и спасателей в Чеченской Республике,Билайн,001
20,Чеченская республика,Единый телефон пожарных и спасателей в Чеченской Республике,Мегафон,011
20,Чеченская республика,Единый телефон пожарных и спасателей в Чеченской Республике,МТС,011
20,Чеченская республика,Полиция в Чеченской Республике,Билайн,002
20,Чеченская республика,Полиция в Чеченской Республике,Мегафон,020
20,Чеченская республика,Полиция в Чеченской Республике,МТС,
20,Чеченская республика,Скорая помощь в Чеченской Республике,Билайн,003
20,Чеченская республика,Скорая помощь в Чеченской Республике,Мегафон,033
20,Чеченская республика,Скорая помощь в Чеченской Республике,МТС,
20,Чеченская республика,Аварийная газовая служба в Чеченской Республике,Билайн,004
20,Чеченская республика,Аварийная газовая служба в Чеченской Республике,Мегафон,044
20,Чеченская республика,Аварийная газовая служба в Чеченской Республике,МТС,
21,Чувашская Республика,Единый телефон спасения ,Смартс,112
21,Чувашская Республика,Единый телефон спасения ,Билайн,112
21,Чувашская Республика,Единый телефон спасения ,Нижегородская сотовая связь,112
21,Чувашская Республика,Единый телефон спасения ,МТС,112
21,Чувашская Республика,Единый телефон спасения ,Мегафон,112
21,Чувашская Республика,Единый телефон пожарных и спасателей,Смартс,
21,Чувашская Республика,Единый телефон пожарных и спасателей,Билайн,010
21,Чувашская Республика,Единый телефон пожарных и спасателей,Нижегородская сотовая связь,010
21,Чувашская Республика,Единый телефон пожарных и спасателей,МТС,010
21,Чувашская Республика,Единый телефон пожарных и спасателей,Мегафон,010
21,Чувашская Республика,Полиция,Смартс,
21,Чувашская Республика,Полиция,Билайн,020
21,Чувашская Республика,Полиция,Нижегородская сотовая связь,020
21,Чувашская Республика,Полиция,МТС,020
21,Чувашская Республика,Полиция,Мегафон,020
21,Чувашская Республика,Скорая помощь,Смартс,
21,Чувашская Республика,Скорая помощь,Билайн,030
21,Чувашская Республика,Скорая помощь,Нижегородская сотовая связь,030
21,Чувашская Республика,Скорая помощь,МТС,030
21,Чувашская Республика,Скорая помощь,Мегафон,030
22,Алтайский край,Единая дежурно- диспетчерская служба Алтайского края,Смартс,112
22,Алтайский край,Единая дежурно- диспетчерская служба Алтайского края,МТС,112
22,Алтайский край,Единая дежурно- диспетчерская служба Алтайского края,Мегафон,112
22,Алтайский край,Единая дежурно- диспетчерская служба Алтайского края,Билайн,112
75,Забайкальский край,Единая дежурно- диспетчерская служба Забайкальского края,МТС,353112
75,Забайкальский край,Единая дежурно- диспетчерская служба Забайкальского края,Мегафон,353112
75,Забайкальский край,Единая дежурно- диспетчерская служба Забайкальского края,Билайн,353112
75,Забайкальский край,Единая дежурно- диспетчерская служба Забайкальского края,Другие,353112
75,Забайкальский край,Дежурно-диспетчерская служба пожарной охраны на территории Забайкальского края,МТС,010
75,Забайкальский край,Дежурно-диспетчерская служба пожарной охраны на территории Забайкальского края,Мегафон,010
75,Забайкальский край,Дежурно-диспетчерская служба пожарной охраны на территории Забайкальского края,Билайн,010
75,Забайкальский край,Дежурно-диспетчерская служба пожарной охраны на территории Забайкальского края,Другие,01
75,Забайкальский край,Дежурно-диспетчерская служба полиции на территории Забайкальского края,МТС,020
75,Забайкальский край,Дежурно-диспетчерская служба полиции на территории Забайкальского края,Мегафон,020
75,Забайкальский край,Дежурно-диспетчерская служба полиции на территории Забайкальского края,Билайн,020
75,Забайкальский край,Дежурно-диспетчерская служба полиции на территории Забайкальского края,Другие,02
75,Забайкальский край,Скорая помощь в Забайкальском крае,МТС,030
75,Забайкальский край,Скорая помощь в Забайкальском крае,Мегафон,030
75,Забайкальский край,Скорая помощь в Забайкальском крае,Билайн,030
75,Забайкальский край,Скорая помощь в Забайкальском крае,Другие,03
75,Забайкальский край,Аварийная газовая служба в Забайкальском крае,МТС,04
75,Забайкальский край,Аварийная газовая служба в Забайкальском крае,Мегафон,04
75,Забайкальский край,Аварийная газовая служба в Забайкальском крае,Билайн,04
75,Забайкальский край,Аварийная газовая служба в Забайкальском крае,Другие,04
41,Камчатский край,Единая служба спасения ,Билайн,112
41,Камчатский край,Единая служба спасения ,Мегафон,112
41,Камчатский край,Единая служба спасения ,МТС,112
41,Камчатский край,Единый телефон пожарных и спасателей,Билайн,001
41,Камчатский край,Единый телефон пожарных и спасателей,Мегафон,010
41,Камчатский край,Единый телефон пожарных и спасателей,МТС,010
41,Камчатский край,Полиция,Билайн,002
41,Камчатский край,Полиция,Мегафон,020
41,Камчатский край,Полиция,МТС,020
41,Камчатский край,Скорая медицинская помощь,Билайн,003
41,Камчатский край,Скорая медицинская помощь,Мегафон,030
41,Камчатский край,Скорая медицинская помощь,МТС,030
23,Краснодарский край,Единая служба спасения в городе Краснодаре ,Теле2,112
23,Краснодарский край,Единая служба спасения в городе Краснодаре ,Билайн,112
23,Краснодарский край,Единая служба спасения в городе Краснодаре ,МТС,112
23,Краснодарский край,Единая служба спасения в городе Краснодаре ,Мегафон,112
23,Краснодарский край,Единый телефон пожарных и спасателей в Краснодарском крае,Теле2,010
23,Краснодарский край,Единый телефон пожарных и спасателей в Краснодарском крае,Билайн,010
23,Краснодарский край,Единый телефон пожарных и спасателей в Краснодарском крае,МТС,010
23,Краснодарский край,Единый телефон пожарных и спасателей в Краснодарском крае,Мегафон,010
23,Краснодарский край,Полиция в Краснодарском крае,Теле2,020
23,Краснодарский край,Полиция в Краснодарском крае,Билайн,020
23,Краснодарский край,Полиция в Краснодарском крае,МТС,020
23,Краснодарский край,Полиция в Краснодарском крае,Мегафон,020
23,Краснодарский край,Скорая помощь Краснодарском крае,Теле2,030
23,Краснодарский край,Скорая помощь Краснодарском крае,Билайн,030
23,Краснодарский край,Скорая помощь Краснодарском крае,МТС,030
23,Краснодарский край,Скорая помощь Краснодарском крае,Мегафон,030
23,Краснодарский край,Аварийная газовая служба в Краснодарском крае,Теле2,040
23,Краснодарский край,Аварийная газовая служба в Краснодарском крае,Билайн,040
23,Краснодарский край,Аварийная газовая служба в Краснодарском крае,МТС,040
23,Краснодарский край,Аварийная газовая служба в Краснодарском крае,Мегафон,040
24,Красноярский край,Единая служба спасения,Билайн,112
24,Красноярский край,Единая служба спасения,ЕнисейТелеком,112
24,Красноярский край,Единая служба спасения,Мегафон,112
24,Красноярский край,Единая служба спасения,МТС,112
24,Красноярский край,Единый телефон пожарных и спасателей,Билайн,010
24,Красноярский край,Единый телефон пожарных и спасателей,ЕнисейТелеком,01*
24,Красноярский край,Единый телефон пожарных и спасателей,Мегафон,010
24,Красноярский край,Единый телефон пожарных и спасателей,МТС,01*
24,Красноярский край,Полиция,Билайн,020
24,Красноярский край,Полиция,ЕнисейТелеком,02*
24,Красноярский край,Полиция,Мегафон,020
24,Красноярский край,Полиция,МТС,02*
24,Красноярский край,Скорая помощь,Билайн,030
24,Красноярский край,Скорая помощь,ЕнисейТелеком,03*
24,Красноярский край,Скорая помощь,Мегафон,030
24,Красноярский край,Скорая помощь,МТС,03*
24,Красноярский край,Аварийная газовая служба,Билайн,040
24,Красноярский край,Аварийная газовая служба,ЕнисейТелеком,04*
24,Красноярский край,Аварийная газовая служба,Мегафон,040
24,Красноярский край,Аварийная газовая служба,МТС,04*
59,Пермский край,Единый телефон спасения,Ютел,112
59,Пермский край,Единый телефон спасения,Билайн,112
59,Пермский край,Единый телефон спасения,МТС,112
59,Пермский край,Единый телефон спасения,Мегафон,112
59,Пермский край,Единый телефон пожарных и спасателей,Ютел,010
59,Пермский край,Единый телефон пожарных и спасателей,Билайн,010
59,Пермский край,Единый телефон пожарных и спасателей,МТС,010
59,Пермский край,Единый телефон пожарных и спасателей,Мегафон,010
59,Пермский край,Полиция ,Ютел,020
59,Пермский край,Полиция ,Билайн,020
59,Пермский край,Полиция ,МТС,020
59,Пермский край,Полиция ,Мегафон,020
59,Пермский край,Скорая помощь,Ютел,030
59,Пермский край,Скорая помощь,Билайн,030
59,Пермский край,Скорая помощь,МТС,030
59,Пермский край,Скорая помощь,Мегафон,030
59,Пермский край,Аварийная газовая служба,Ютел,040
59,Пермский край,Аварийная газовая служба,Билайн,040
59,Пермский край,Аварийная газовая служба,МТС,040
59,Пермский край,Аварийная газовая служба,Мегафон,040
25,Приморский край,Единая служба спасения,Билайн,112
25,Приморский край,Единая служба спасения,Новая телефонная компания,112
25,Приморский край,Единая служба спасения,Мегафон,112
25,Приморский край,Единая служба спасения,МТС,112
25,Приморский край,Единый телефон пожарных и спасателей,Билайн,010
25,Приморский край,Единый телефон пожарных и спасателей,Новая телефонная компания,010
25,Приморский край,Единый телефон пожарных и спасателей,Мегафон,010
25,Приморский край,Единый телефон пожарных и спасателей,МТС,010
25,Приморский край,Полиция,Билайн,020
25,Приморский край,Полиция,Новая телефонная компания,020
25,Приморский край,Полиция,Мегафон,020
25,Приморский край,Полиция,МТС,020
25,Приморский край,Скорая медицинская помощь,Билайн,030
25,Приморский край,Скорая медицинская помощь,Новая телефонная компания,030
25,Приморский край,Скорая медицинская помощь,Мегафон,030
25,Приморский край,Скорая медицинская помощь,МТС,030
25,Приморский край,Аварийная газовая служба,Билайн,040
25,Приморский край,Аварийная газовая служба,Новая телефонная компания,040
25,Приморский край,Аварийная газовая служба,Мегафон,040
25,Приморский край,Аварийная газовая служба,МТС,040
26,Ставропольский край,Единая служба спасения в Ставропольском крае,Другие,112
26,Ставропольский край,Единая служба спасения в Ставропольском крае,Билайн,112
26,Ставропольский край,Единая служба спасения в Ставропольском крае,МТС,112
26,Ставропольский край,Единая служба спасения в Ставропольском крае,Мегафон,112
26,Ставропольский край,Единый телефон пожарных и спасателей в Ставропольском крае,Другие,010
26,Ставропольский край,Единый телефон пожарных и спасателей в Ставропольском крае,Билайн,010
26,Ставропольский край,Единый телефон пожарных и спасателей в Ставропольском крае,МТС,010
26,Ставропольский край,Единый телефон пожарных и спасателей в Ставропольском крае,Мегафон,010
26,Ставропольский край,Полиция в Ставропольском крае,Другие,020
26,Ставропольский край,Полиция в Ставропольском крае,Билайн,020
26,Ставропольский край,Полиция в Ставропольском крае,МТС,020
26,Ставропольский край,Полиция в Ставропольском крае,Мегафон,020
26,Ставропольский край,Скорая помощь в Ставропольском крае,Другие,030
26,Ставропольский край,Скорая помощь в Ставропольском крае,Билайн,030
26,Ставропольский край,Скорая помощь в Ставропольском крае,МТС,030
26,Ставропольский край,Скорая помощь в Ставропольском крае,Мегафон,030
26,Ставропольский край,Аварийная газовая служба в Ставропольском крае,Другие,040
26,Ставропольский край,Аварийная газовая служба в Ставропольском крае,Билайн,040
26,Ставропольский край,Аварийная газовая служба в Ставропольском крае,МТС,040
26,Ставропольский край,Аварийная газовая служба в Ставропольском крае,Мегафон,040
27,Хабаровский край,Единая служба спасения,Билайн,112
27,Хабаровский край,Единая служба спасения,Мегафон,112
27,Хабаровский край,Единая служба спасения,МТС,112
27,Хабаровский край,Единый телефон пожарных и спасателей,Билайн,001
27,Хабаровский край,Единый телефон пожарных и спасателей,Мегафон,010
27,Хабаровский край,Единый телефон пожарных и спасателей,МТС,010
27,Хабаровский край,Полиция,Билайн,002
27,Хабаровский край,Полиция,Мегафон,020
27,Хабаровский край,Полиция,МТС,020
27,Хабаровский край,Скорая медицинская помощь,Билайн,003
27,Хабаровский край,Скорая медицинская помощь,Мегафон,030
27,Хабаровский край,Скорая медицинская помощь,МТС,030
27,Хабаровский край,Аварийная газовая служба,Билайн,004
27,Хабаровский край,Аварийная газовая служба,Мегафон,040
27,Хабаровский край,Аварийная газовая служба,МТС,040
28,Амурская область,Единая служба спасения,МТС,112
28,Амурская область,Единая служба спасения,Билайн,112
28,Амурская область,Единая служба спасения,Мегафон,112
28,Амурская область,Единый телефон пожарных и спасателей,МТС,010
28,Амурская область,Единый телефон пожарных и спасателей,Билайн,001
28,Амурская область,Единый телефон пожарных и спасателей,Мегафон,010
28,Амурская область,Полиция,МТС,020
28,Амурская область,Полиция,Билайн,002
28,Амурская область,Полиция,Мегафон,020
28,Амурская область,Скорая медицинская помощь,МТС,030
28,Амурская область,Скорая медицинская помощь,Билайн,003
28,Амурская область,Скорая медицинская помощь,Мегафон,030
28,Амурская область,Аварийная газовая служба,МТС,040
28,Амурская область,Аварийная газовая служба,Билайн,004
28,Амурская область,Аварийная газовая служба,Мегафон,040
29,Архангельская область,Служба спасения в Архангельской области,МТС,112
29,Архангельская область,Служба спасения в Архангельской области,Билайн,112
29,Архангельская область,Служба спасения в Архангельской области,Мегафон,112
29,Архангельская область,Служба спасения в Архангельской области,Другие,112
30,Астраханская область,Единый телефон пожарных и спасателей в Астраханской области,Билайн,001
30,Астраханская область,Единый телефон пожарных и спасателей в Астраханской области,Мегафон,010
30,Астраханская область,Единый телефон пожарных и спасателей в Астраханской области,МТС,010
30,Астраханская область,Единый телефон пожарных и спасателей в Астраханской области,Другие,8851201
30,Астраханская область,Полиция в Астраханской области,Билайн,002
30,Астраханская область,Полиция в Астраханской области,Мегафон,020
30,Астраханская область,Полиция в Астраханской области,МТС,020
30,Астраханская область,Полиция в Астраханской области,Другие,8851202
30,Астраханская область,Скорая помощь в Астраханской области,Билайн,003
30,Астраханская область,Скорая помощь в Астраханской области,Мегафон,030
30,Астраханская область,Скорая помощь в Астраханской области,МТС,030
30,Астраханская область,Скорая помощь в Астраханской области,Другие,8851203
30,Астраханская область,Аварийная газовая служба в Астраханской области,Билайн,004
30,Астраханская область,Аварийная газовая служба в Астраханской области,Мегафон,040
30,Астраханская область,Аварийная газовая служба в Астраханской области,МТС,040
30,Астраханская область,Аварийная газовая служба в Астраханской области,Другие,8851204
30,Астраханская область,Единая диспетчерская служба в Астраханской области,Билайн,112
30,Астраханская область,Единая диспетчерская служба в Астраханской области,Мегафон,112
30,Астраханская область,Единая диспетчерская служба в Астраханской области,МТС,112
30,Астраханская область,Единая диспетчерская служба в Астраханской области,Другие,112
31,Белгородская область,Единая служба спасения в Белгородской области,МТС,112
31,Белгородская область,Единая служба спасения в Белгородской области,Билайн,112
31,Белгородская область,Единая служба спасения в Белгородской области,Мегафон,112
31,Белгородская область,Единая служба спасения в Белгородской области,Теле2,112
31,Белгородская область,Единый телефон пожарных и спасателей в Белгородской области,МТС,010
31,Белгородская область,Единый телефон пожарных и спасателей в Белгородской области,Билайн,001
31,Белгородская область,Единый телефон пожарных и спасателей в Белгородской области,Мегафон,010
31,Белгородская область,Единый телефон пожарных и спасателей в Белгородской области,Теле2,01*
31,Белгородская область,Полиция в Белгородской области,МТС,020
31,Белгородская область,Полиция в Белгородской области,Билайн,002
31,Белгородская область,Полиция в Белгородской области,Мегафон,020
31,Белгородская область,Полиция в Белгородской области,Теле2,02*
31,Белгородская область,Скорая помощь в Белгородской области,МТС,030
31,Белгородская область,Скорая помощь в Белгородской области,Билайн,003
31,Белгородская область,Скорая помощь в Белгородской области,Мегафон,030
31,Белгородская область,Скорая помощь в Белгородской области,Теле2,03*
31,Белгородская область,Аварийная газовая служба в Белгородской области,МТС,040
31,Белгородская область,Аварийная газовая служба в Белгородской области,Билайн,004
31,Белгородская область,Аварийная газовая служба в Белгородской области,Мегафон,040
31,Белгородская область,Аварийная газовая служба в Белгородской области,Теле2,04*
32,Брянская область,Единая служба спасения в Брянской области,МТС,112
32,Брянская область,Единая служба спасения в Брянской области,Билайн,112
32,Брянская область,Единая служба спасения в Брянской области,Мегафон,112
32,Брянская область,Единая служба спасения в Брянской области,Теле2,112
32,Брянская область,Единый телефон пожарных и спасателей в Брянской области,МТС,010
32,Брянская область,Единый телефон пожарных и спасателей в Брянской области,Билайн,001
32,Брянская область,Единый телефон пожарных и спасателей в Брянской области,Мегафон,010
32,Брянская область,Единый телефон пожарных и спасателей в Брянской области,Теле2,010
32,Брянская область,Полиция в Брянской области,МТС,020
32,Брянская область,Полиция в Брянской области,Билайн,002
32,Брянская область,Полиция в Брянской области,Мегафон,020
32,Брянская область,Полиция в Брянской области,Теле2,020
32,Брянская область,Скорая помощь в Брянской области,МТС,030
32,Брянская область,Скорая помощь в Брянской области,Билайн,003
32,Брянская область,Скорая помощь в Брянской области,Мегафон,030
32,Брянская область,Скорая помощь в Брянской области,Теле2,030
32,Брянская область,Аварийная газовая служба в Брянской области,МТС,040
32,Брянская область,Аварийная газовая служба в Брянской области,Билайн,004
32,Брянская область,Аварийная газовая служба в Брянской области,Мегафон,040
32,Брянская область,Аварийная газовая служба в Брянской области,Теле2,040
33,Владимирская область,Единая служба спасения во Владимирской области,МТС,112
33,Владимирская область,Единая служба спасения во Владимирской области,Билайн,112
33,Владимирская область,Единая служба спасения во Владимирской области,Мегафон,112
33,Владимирская область,Единая служба спасения во Владимирской области,Теле2,112
33,Владимирская область,Единая служба спасения во Владимирской области,Скайлинк,112
33,Владимирская область,Единый телефон пожарных и спасателей во Владимирской области,МТС,"010,01"
33,Владимирская область,Единый телефон пожарных и спасателей во Владимирской области,Билайн,"010, 001, 01*"
33,Владимирская область,Единый телефон пожарных и спасателей во Владимирской области,Мегафон,010
33,Владимирская область,Единый телефон пожарных и спасателей во Владимирской области,Теле2,"01, 01*"
33,Владимирская область,Единый телефон пожарных и спасателей во Владимирской области,Скайлинк,01
33,Владимирская область,Полиция во Владимирской области,МТС,"020, 02"
33,Владимирская область,Полиция во Владимирской области,Билайн,002
33,Владимирская область,Полиция во Владимирской области,Мегафон,020
33,Владимирская область,Полиция во Владимирской области,Теле2,"02, 020, 02*"
33,Владимирская область,Полиция во Владимирской области,Скайлинк,902
33,Владимирская область,Скорая помощь во Владимирской области,МТС,"030, 03"
33,Владимирская область,Скорая помощь во Владимирской области,Билайн,"030, 003"
33,Владимирская область,Скорая помощь во Владимирской области,Мегафон,030
33,Владимирская область,Скорая помощь во Владимирской области,Теле2,"03, 03*"
33,Владимирская область,Скорая помощь во Владимирской области,Скайлинк,03
33,Владимирская область,Аварийная газовая служба во Владимирской области,МТС,"040, 04"
33,Владимирская область,Аварийная газовая служба во Владимирской области,Билайн,
33,Владимирская область,Аварийная газовая служба во Владимирской области,Мегафон,040
33,Владимирская область,Аварийная газовая служба во Владимирской области,Теле2,"04, 04*"
33,Владимирская область,Аварийная газовая служба во Владимирской области,Скайлинк,04
34,Волгоградская область,Единая служба спасения в Волгоградской области,Билайн,112
34,Волгоградская область,Единая служба спасения в Волгоградской области,Мегафон,112
34,Волгоградская область,Единая служба спасения в Волгоградской области,МТС,112
34,Волгоградская область,Единая служба спасения в Волгоградской области,Смартс,112
34,Волгоградская область,Единый телефон пожарных и спасателей Волгоградской области,Билайн,010 или 001
34,Волгоградская область,Единый телефон пожарных и спасателей Волгоградской области,Мегафон,010
34,Волгоградская область,Единый телефон пожарных и спасателей Волгоградской области,МТС,010
34,Волгоградская область,Единый телефон пожарных и спасателей Волгоградской области,Смартс,112 или 911
34,Волгоградская область,Полиция в Волгоградской области,Билайн,002
34,Волгоградская область,Полиция в Волгоградской области,Мегафон,020
34,Волгоградская область,Полиция в Волгоградской области,МТС,020
34,Волгоградская область,Полиция в Волгоградской области,Смартс,020
34,Волгоградская область,Служба скорой медицинской помощи в Волгоградской области,Билайн,003
34,Волгоградская область,Служба скорой медицинской помощи в Волгоградской области,Мегафон,030
34,Волгоградская область,Служба скорой медицинской помощи в Волгоградской области,МТС,030
34,Волгоградская область,Служба скорой медицинской помощи в Волгоградской области,Смартс,030
34,Волгоградская область,Аварийная газовая служба в Волгоградской области,Билайн,004
34,Волгоградская область,Аварийная газовая служба в Волгоградской области,Мегафон,040
34,Волгоградская область,Аварийная газовая служба в Волгоградской области,МТС,040
34,Волгоградская область,Аварийная газовая служба в Волгоградской области,Смартс,040
35,Вологодская область,Единая служба спасения в Вологодской области ,МТС,112
35,Вологодская область,Единая служба спасения в Вологодской области ,Билайн,112
35,Вологодская область,Единая служба спасения в Вологодской области ,Мегафон,112
35,Вологодская область,Единая служба спасения в Вологодской области ,Другие,112
35,Вологодская область,Единый телефон пожарных и спасателей в Вологодской области,МТС,010
35,Вологодская область,Единый телефон пожарных и спасателей в Вологодской области,Билайн,001
35,Вологодская область,Единый телефон пожарных и спасателей в Вологодской области,Мегафон,01
35,Вологодская область,Единый телефон пожарных и спасателей в Вологодской области,Другие,"""Теле2"" 010"
35,Вологодская область,Полиция в Вологодской области,МТС,020
35,Вологодская область,Полиция в Вологодской области,Билайн,002
35,Вологодская область,Полиция в Вологодской области,Мегафон,02
35,Вологодская область,Полиция в Вологодской области,Другие,"""Теле2"" 020"
35,Вологодская область,Скорая помощь в Вологодской области,МТС,030
35,Вологодская область,Скорая помощь в Вологодской области,Билайн,003
35,Вологодская область,Скорая помощь в Вологодской области,Мегафон,03
35,Вологодская область,Скорая помощь в Вологодской области,Другие,030
35,Вологодская область,Аварийная газовая служба в Вологодской области,МТС,040
35,Вологодская область,Аварийная газовая служба в Вологодской области,Билайн,004
35,Вологодская область,Аварийная газовая служба в Вологодской области,Мегафон,04
35,Вологодская область,Аварийная газовая служба в Вологодской области,Другие,"""Теле2"" 040"
36,Воронежская область,Единый телефон пожарных и спасателей в Воронежской области,Билайн,001
36,Воронежская область,Единый телефон пожарных и спасателей в Воронежской области,МТС,010
36,Воронежская область,Единый телефон пожарных и спасателей в Воронежской области,Мегафон,010
36,Воронежская область,Единый телефон пожарных и спасателей в Воронежской области,Теле2,010
36,Воронежская область,Единый телефон пожарных и спасателей в Воронежской области,Скайлинк,01
36,Воронежская область,Единый телефон пожарных и спасателей в Воронежской области,Другие,001
36,Воронежская область,Полиция в Воронежской области,Билайн,002
36,Воронежская область,Полиция в Воронежской области,МТС,020
36,Воронежская область,Полиция в Воронежской области,Мегафон,020
36,Воронежская область,Полиция в Воронежской области,Теле2,020
36,Воронежская область,Полиция в Воронежской области,Скайлинк,
36,Воронежская область,Полиция в Воронежской области,Другие,
36,Воронежская область,Скорая помощь в Воронежской области,Билайн,003
36,Воронежская область,Скорая помощь в Воронежской области,МТС,030
36,Воронежская область,Скорая помощь в Воронежской области,Мегафон,030
36,Воронежская область,Скорая помощь в Воронежской области,Теле2,030
36,Воронежская область,Скорая помощь в Воронежской области,Скайлинк,
36,Воронежская область,Скорая помощь в Воронежской области,Другие,
36,Воронежская область,Аварийная газовая служба в Воронежской области,Билайн,004
36,Воронежская область,Аварийная газовая служба в Воронежской области,МТС,040
36,Воронежская область,Аварийная газовая служба в Воронежской области,Мегафон,040
36,Воронежская область,Аварийная газовая служба в Воронежской области,Теле2,040
36,Воронежская область,Аварийная газовая служба в Воронежской области,Скайлинк,
36,Воронежская область,Аварийная газовая служба в Воронежской области,Другие,
37,Ивановская область,Единая служба спасения ,МТС,112
37,Ивановская область,Единая служба спасения ,Билайн,112
37,Ивановская область,Единая служба спасения ,Мегафон,112
37,Ивановская область,Единая служба спасения ,Смартс,112
37,Ивановская область,Единый телефон пожарных и спасателей,МТС,010
37,Ивановская область,Единый телефон пожарных и спасателей,Билайн,010
37,Ивановская область,Единый телефон пожарных и спасателей,Мегафон,010
37,Ивановская область,Единый телефон пожарных и спасателей,Смартс,010
37,Ивановская область,Полиция,МТС,020
37,Ивановская область,Полиция,Билайн,020
37,Ивановская область,Полиция,Мегафон,020
37,Ивановская область,Полиция,Смартс,020
37,Ивановская область,Скорая медицинская помощь,МТС,30
37,Ивановская область,Скорая медицинская помощь,Билайн,30
37,Ивановская область,Скорая медицинская помощь,Мегафон,30
37,Ивановская область,Скорая медицинская помощь,Смартс,030
37,Ивановская область,Аварийная газовая служба,МТС,40
37,Ивановская область,Аварийная газовая служба,Билайн,40
37,Ивановская область,Аварийная газовая служба,Мегафон,40
37,Ивановская область,Аварийная газовая служба,Смартс,040
38,Иркутская область,Единая служба спасения,Смартс,112
38,Иркутская область,Единая служба спасения,Билайн,112
38,Иркутская область,Единая служба спасения,МТС,112
38,Иркутская область,Единая служба спасения,Мегафон,112
38,Иркутская область,Единый телефон пожарных и спасателей,Смартс,01*
38,Иркутская область,Единый телефон пожарных и спасателей,Билайн,01*
38,Иркутская область,Единый телефон пожарных и спасателей,МТС,01*
38,Иркутская область,Единый телефон пожарных и спасателей,Мегафон,01*
38,Иркутская область,Полиция,Смартс,02*
38,Иркутская область,Полиция,Билайн,02*
38,Иркутская область,Полиция,МТС,02*
38,Иркутская область,Полиция,Мегафон,02*
38,Иркутская область,Скорая помощь,Смартс,03*
38,Иркутская область,Скорая помощь,Билайн,03*
38,Иркутская область,Скорая помощь,МТС,03*
38,Иркутская область,Скорая помощь,Мегафон,03*
38,Иркутская область,Аварийная газовая служба,Смартс,04*
38,Иркутская область,Аварийная газовая служба,Билайн,04*
38,Иркутская область,Аварийная газовая служба,МТС,04*
38,Иркутская область,Аварийная газовая служба,Мегафон,04*
39,Калининградская область,Единая служба спасения в Калининградской области,МТС,112
39,Калининградская область,Единая служба спасения в Калининградской области,Билайн,112
39,Калининградская область,Единая служба спасения в Калининградской области,Мегафон,112
39,Калининградская область,Единая служба спасения в Калининградской области,Другие,112
39,Калининградская область,Номер вызова пожарной службы,МТС,010
39,Калининградская область,Номер вызова пожарной службы,Билайн,001
39,Калининградская область,Номер вызова пожарной службы,Мегафон,01
39,Калининградская область,Номер вызова пожарной службы,Другие,"Теле2 01, 001, 01*, 010,"
39,Калининградская область,Полиция,МТС,020
39,Калининградская область,Полиция,Билайн,002
39,Калининградская область,Полиция,Мегафон,02
39,Калининградская область,Полиция,Другие,"02, 002, 02*, 020,"
39,Калининградская область,Скорая помощь,МТС,030
39,Калининградская область,Скорая помощь,Билайн,003
39,Калининградская область,Скорая помощь,Мегафон,03
39,Калининградская область,Скорая помощь,Другие,"Теле- 2 03, 003, 03*, 030"
39,Калининградская область,Городская аварийная служба,МТС,040
39,Калининградская область,Городская аварийная служба,Билайн,004
39,Калининградская область,Городская аварийная служба,Мегафон,04
39,Калининградская область,Городская аварийная служба,Другие,"""Теле2"" 04, 004, 04*, 040"
40,Калужская область,Единая служба спасения в области,МТС,112
40,Калужская область,Единая служба спасения в области,Билайн,112
40,Калужская область,Единая служба спасения в области,Мегафон,112
40,Калужская область,Единая служба спасения в области,Теле2,112
40,Калужская область,Единый телефон пожарных и спасателей в Калужской области,МТС,010
40,Калужская область,Единый телефон пожарных и спасателей в Калужской области,Билайн,001
40,Калужская область,Единый телефон пожарных и спасателей в Калужской области,Мегафон,010
40,Калужская область,Единый телефон пожарных и спасателей в Калужской области,Теле2,01*
40,Калужская область,Полиция в Калужской области,МТС,020
40,Калужская область,Полиция в Калужской области,Билайн,002
40,Калужская область,Полиция в Калужской области,Мегафон,020
40,Калужская область,Полиция в Калужской области,Теле2,02*
40,Калужская область,Скорая помощь в Калужской области,МТС,030
40,Калужская область,Скорая помощь в Калужской области,Билайн,003
40,Калужская область,Скорая помощь в Калужской области,Мегафон,030
40,Калужская область,Скорая помощь в Калужской области,Теле2,03*
40,Калужская область,Аварийная газовая служба в Калужской области,МТС,040
40,Калужская область,Аварийная газовая служба в Калужской области,Билайн,004
40,Калужская область,Аварийная газовая служба в Калужской области,Мегафон,040
40,Калужская область,Аварийная газовая служба в Калужской области,Теле2,04*
42,Кемеровская область,Единая служба спасения в Кемеровской области,Другие,112
42,Кемеровская область,Единая служба спасения в Кемеровской области,Билайн,112
42,Кемеровская область,Единая служба спасения в Кемеровской области,МТС,112
42,Кемеровская область,Единая служба спасения в Кемеровской области,Мегафон,112
42,Кемеровская область,Единый телефон пожарных и спасателей в Кемеровской области,Другие,011
42,Кемеровская область,Единый телефон пожарных и спасателей в Кемеровской области,Билайн,011
42,Кемеровская область,Единый телефон пожарных и спасателей в Кемеровской области,МТС,010
42,Кемеровская область,Единый телефон пожарных и спасателей в Кемеровской области,Мегафон,010
42,Кемеровская область,Полиция в Кемеровской области,Другие,022
42,Кемеровская область,Полиция в Кемеровской области,Билайн,022
42,Кемеровская область,Полиция в Кемеровской области,МТС,020
42,Кемеровская область,Полиция в Кемеровской области,Мегафон,020
42,Кемеровская область,Скорая помощь в Кемеровской области,Другие,033
42,Кемеровская область,Скорая помощь в Кемеровской области,Билайн,033
42,Кемеровская область,Скорая помощь в Кемеровской области,МТС,030
42,Кемеровская область,Скорая помощь в Кемеровской области,Мегафон,030
42,Кемеровская область,Аварийная газовая служба в Кемеровской области,Другие,044
42,Кемеровская область,Аварийная газовая служба в Кемеровской области,Билайн,044
42,Кемеровская область,Аварийная газовая служба в Кемеровской области,МТС,040
42,Кемеровская область,Аварийная газовая служба в Кемеровской области,Мегафон,040
43,Кировская область,Единый телефон пожарных и спасателей ,Мегафон,112
43,Кировская область,Единый телефон пожарных и спасателей ,МТС,112
43,Кировская область,Единый телефон пожарных и спасателей ,Билайн,112
43,Кировская область,Единый телефон пожарных и спасателей ,Теле2,112
43,Кировская область,Полиция ,Мегафон,022
43,Кировская область,Полиция ,МТС,022
43,Кировская область,Полиция ,Билайн,002
43,Кировская область,Полиция ,Теле2,002
43,Кировская область,Скорая помощь,Мегафон,033
43,Кировская область,Скорая помощь,МТС,033
43,Кировская область,Скорая помощь,Билайн,003
43,Кировская область,Скорая помощь,Теле2,003
43,Кировская область,Аварийная газовая служба,Мегафон,044
43,Кировская область,Аварийная газовая служба,МТС,044
43,Кировская область,Аварийная газовая служба,Билайн,004
43,Кировская область,Аварийная газовая служба,Теле2,004
44,Костромская область,Единая служба спасения ,МТС,112
44,Костромская область,Единая служба спасения ,Билайн,112
44,Костромская область,Единая служба спасения ,Мегафон,112
44,Костромская область,Единая служба спасения ,Теле2,112
44,Костромская область,Единый телефон пожарных и спасателей в Костромской области,МТС,010
44,Костромская область,Единый телефон пожарных и спасателей в Костромской области,Билайн,001
44,Костромская область,Единый телефон пожарных и спасателей в Костромской области,Мегафон,010
44,Костромская область,Единый телефон пожарных и спасателей в Костромской области,Теле2,01*
44,Костромская область,Полиция в Костромской области,МТС,020
44,Костромская область,Полиция в Костромской области,Билайн,002
44,Костромская область,Полиция в Костромской области,Мегафон,020
44,Костромская область,Полиция в Костромской области,Теле2,02*
44,Костромская область,Скорая помощь в Костромской области,МТС,030
44,Костромская область,Скорая помощь в Костромской области,Билайн,003
44,Костромская область,Скорая помощь в Костромской области,Мегафон,030
44,Костромская область,Скорая помощь в Костромской области,Теле2,03*
44,Костромская область,Аварийная газовая служба в Костромской области,МТС,040
44,Костромская область,Аварийная газовая служба в Костромской области,Билайн,004
44,Костромская область,Аварийная газовая служба в Костромской области,Мегафон,040
44,Костромская область,Аварийная газовая служба в Костромской области,Теле2,04*
45,Курганская область,Единая служба спасения в Курганской области,Билайн,"112, 911"
45,Курганская область,Единая служба спасения в Курганской области,МТС,"112, 911"
45,Курганская область,Единая служба спасения в Курганской области,Мегафон,"112, 911"
45,Курганская область,Единая служба спасения в Курганской области,Другие,"112, 911"
45,Курганская область,Служба спасения «01» в Курганской области,Билайн,"010, 001"
45,Курганская область,Служба спасения «01» в Курганской области,МТС,010
45,Курганская область,Служба спасения «01» в Курганской области,Мегафон,010
45,Курганская область,Служба спасения «01» в Курганской области,Другие,010
45,Курганская область,Полиция в Курганской области,Билайн,"020, 002"
45,Курганская область,Полиция в Курганской области,МТС,020
45,Курганская область,Полиция в Курганской области,Мегафон,020
45,Курганская область,Полиция в Курганской области,Другие,020
45,Курганская область,Скорая медицинская помощь в Курганской области,Билайн,"030, 003"
45,Курганская область,Скорая медицинская помощь в Курганской области,МТС,030
45,Курганская область,Скорая медицинская помощь в Курганской области,Мегафон,030
45,Курганская область,Скорая медицинская помощь в Курганской области,Другие,030
45,Курганская область,Газовая служба в Курганской области,Билайн,"040, 004"
45,Курганская область,Газовая служба в Курганской области,МТС,040
45,Курганская область,Газовая служба в Курганской области,Мегафон,040
45,Курганская область,Газовая служба в Курганской области,Другие,040
46,Курская область,Единый телефон вызова экстренных служб (Служба спасения),МТС,112
46,Курская область,Единый телефон вызова экстренных служб (Служба спасения),Билайн,112
46,Курская область,Единый телефон вызова экстренных служб (Служба спасения),Мегафон,112
46,Курская область,Единый телефон вызова экстренных служб (Служба спасения),Теле2,112
46,Курская область,Пожарная охрана Курской области,МТС,010
46,Курская область,Пожарная охрана Курской области,Билайн,010
46,Курская область,Пожарная охрана Курской области,Мегафон,010
46,Курская область,Пожарная охрана Курской области,Теле2,010
46,Курская область,Полиция Курской области,МТС,020
46,Курская область,Полиция Курской области,Билайн,020
46,Курская область,Полиция Курской области,Мегафон,020
46,Курская область,Полиция Курской области,Теле2,020
46,Курская область,Скорая помощь Курской области,МТС,030
46,Курская область,Скорая помощь Курской области,Билайн,030
46,Курская область,Скорая помощь Курской области,Мегафон,030
46,Курская область,Скорая помощь Курской области,Теле2,030
46,Курская область,Аварийная газовая служба Курской области,МТС,040
46,Курская область,Аварийная газовая служба Курской области,Билайн,040
46,Курская область,Аварийная газовая служба Курской области,Мегафон,040
46,Курская область,Аварийная газовая служба Курской области,Теле2,040
47,Ленинградская область,Единая служба спасения в Ленинградской области,МТС,112
47,Ленинградская область,Единая служба спасения в Ленинградской области,Билайн,112
47,Ленинградская область,Единая служба спасения в Ленинградской области,Мегафон,112
47,Ленинградская область,Единая служба спасения в Ленинградской области,Другие,112
47,Ленинградская область,Единый телефон пожарных и спасателей в Ленинградской области,МТС,112 - 1
47,Ленинградская область,Единый телефон пожарных и спасателей в Ленинградской области,Билайн,112 - 1
47,Ленинградская область,Единый телефон пожарных и спасателей в Ленинградской области,Мегафон,112 - 1
47,Ленинградская область,Единый телефон пожарных и спасателей в Ленинградской области,Другие,112 - 1
47,Ленинградская область,Аварийная газовая служба в Ленинградской области,МТС,112 - 4
47,Ленинградская область,Аварийная газовая служба в Ленинградской области,Билайн,112 - 4
47,Ленинградская область,Аварийная газовая служба в Ленинградской области,Мегафон,112 - 4
47,Ленинградская область,Аварийная газовая служба в Ленинградской области,Другие,112 - 4
47,Ленинградская область,Полиция в Ленинградской области,МТС,112 - 2
47,Ленинградская область,Полиция в Ленинградской области,Билайн,112 - 2
47,Ленинградская область,Полиция в Ленинградской области,Мегафон,112 - 2
47,Ленинградская область,Полиция в Ленинградской области,Другие,112 - 2
47,Ленинградская область,Скорая помощь в Ленинградской области,МТС,112 - 3
47,Ленинградская область,Скорая помощь в Ленинградской области,Билайн,112 - 3
47,Ленинградская область,Скорая помощь в Ленинградской области,Мегафон,112 - 3
47,Ленинградская область,Скорая помощь в Ленинградской области,Другие,112 - 3
48,Липецкая область,Единая служба спасения в Липецкой области,МТС,112
48,Липецкая область,Единая служба спасения в Липецкой области,Билайн,112
48,Липецкая область,Единая служба спасения в Липецкой области,Мегафон,112
48,Липецкая область,Единая служба спасения в Липецкой области,Другие,112
48,Липецкая область,Единый телефон пожарных и спасателей в Липецкой области,МТС,010
48,Липецкая область,Единый телефон пожарных и спасателей в Липецкой области,Билайн,001
48,Липецкая область,Единый телефон пожарных и спасателей в Липецкой области,Мегафон,010
48,Липецкая область,Единый телефон пожарных и спасателей в Липецкой области,Другие,010
48,Липецкая область,Полиция в Липецкой области,МТС,020
48,Липецкая область,Полиция в Липецкой области,Билайн,002
48,Липецкая область,Полиция в Липецкой области,Мегафон,020
48,Липецкая область,Полиция в Липецкой области,Другие,020
48,Липецкая область,Скорая помощь в Липецкой области,МТС,030
48,Липецкая область,Скорая помощь в Липецкой области,Билайн,003
48,Липецкая область,Скорая помощь в Липецкой области,Мегафон,030
48,Липецкая область,Скорая помощь в Липецкой области,Другие,030
48,Липецкая область,Аварийная газовая служба в Липецкой области,МТС,040
48,Липецкая область,Аварийная газовая служба в Липецкой области,Билайн,004
48,Липецкая область,Аварийная газовая служба в Липецкой области,Мегафон,040
48,Липецкая область,Аварийная газовая служба в Липецкой области,Другие,040
49,Магаданская область,Единая служба спасения,Другие,112
49,Магаданская область,Единая служба спасения,Билайн,112
49,Магаданская область,Единая служба спасения,МТС,112
49,Магаданская область,Единая служба спасения,Мегафон,112
49,Магаданская область,Единый телефон пожарных и спасателей,Другие,010
49,Магаданская область,Единый телефон пожарных и спасателей,Билайн,001
49,Магаданская область,Единый телефон пожарных и спасателей,МТС,010
49,Магаданская область,Единый телефон пожарных и спасателей,Мегафон,010
49,Магаданская область,Полиция,Другие,020
49,Магаданская область,Полиция,Билайн,002
49,Магаданская область,Полиция,МТС,020
49,Магаданская область,Полиция,Мегафон,020
49,Магаданская область,Скорая медицинская помощь,Другие,030
49,Магаданская область,Скорая медицинская помощь,Билайн,003
49,Магаданская область,Скорая медицинская помощь,МТС,030
49,Магаданская область,Скорая медицинская помощь,Мегафон,030
50,Московская область,Единая служба спасения в Московской области,МТС,010
50,Московская область,Единая служба спасения в Московской области,Мегафон,112+1
50,Московская область,Единая служба спасения в Московской области,Билайн,001
50,Московская область,Единая служба спасения в Московской области,Другие,010
50,Московская область,Полиция в Московской области,МТС,020
50,Московская область,Полиция в Московской области,Мегафон,112+2
50,Московская область,Полиция в Московской области,Билайн,002
50,Московская область,Полиция в Московской области,Другие,020
50,Московская область,Скорая помощь в Московской области,МТС,030
50,Московская область,Скорая помощь в Московской области,Мегафон,112+3
50,Московская область,Скорая помощь в Московской области,Билайн,003
50,Московская область,Скорая помощь в Московской области,Другие,030
50,Московская область,Аварийная газовая служба в Московской области,МТС,040
50,Московская область,Аварийная газовая служба в Московской области,Мегафон,112+4
50,Московская область,Аварийная газовая служба в Московской области,Билайн,004
50,Московская область,Аварийная газовая служба в Московской области,Другие,040
51,Мурманская область,Единая служба спасения,МТС,112
51,Мурманская область,Единая служба спасения,Билайн,112
51,Мурманская область,Единая служба спасения,Мегафон,112
51,Мурманская область,Единая служба спасения,Другие,112
51,Мурманская область,Единая служба спасения,Скайлинк,
51,Мурманская область,Единая служба спасения,Теле2,
51,Мурманская область,Единый телефон пожарных и спасателей в Мурманской области,МТС,8 8152-01
51,Мурманская область,Единый телефон пожарных и спасателей в Мурманской области,Билайн,001 - 1
51,Мурманская область,Единый телефон пожарных и спасателей в Мурманской области,Мегафон,112 - 1
51,Мурманская область,Единый телефон пожарных и спасателей в Мурманской области,Другие,
51,Мурманская область,Единый телефон пожарных и спасателей в Мурманской области,Скайлинк,01 или 001
51,Мурманская область,Единый телефон пожарных и спасателей в Мурманской области,Теле2,01 или 01*
51,Мурманская область,Полиция в Мурманской области,МТС,8 8152-02
51,Мурманская область,Полиция в Мурманской области,Билайн,001 - 2
51,Мурманская область,Полиция в Мурманской области,Мегафон,112 - 2
51,Мурманская область,Полиция в Мурманской области,Другие,
51,Мурманская область,Полиция в Мурманской области,Скайлинк,02 или 002
51,Мурманская область,Полиция в Мурманской области,Теле2,02 или 02*
51,Мурманская область,Скорая помощь в Мурманской области,МТС,8 8152-03
51,Мурманская область,Скорая помощь в Мурманской области,Билайн,001 - 3
51,Мурманская область,Скорая помощь в Мурманской области,Мегафон,112 - 3
51,Мурманская область,Скорая помощь в Мурманской области,Другие,
51,Мурманская область,Скорая помощь в Мурманской области,Скайлинк,03 или 003
51,Мурманская область,Скорая помощь в Мурманской области,Теле2,03 или 03*
51,Мурманская область,Аварийная газовая служба в Мурманской области,МТС,8 8152-04
51,Мурманская область,Аварийная газовая служба в Мурманской области,Билайн,001 - 4
51,Мурманская область,Аварийная газовая служба в Мурманской области,Мегафон,112 - 4
51,Мурманская область,Аварийная газовая служба в Мурманской области,Другие,
51,Мурманская область,Аварийная газовая служба в Мурманской области,Скайлинк,04 или 004
51,Мурманская область,Аварийная газовая служба в Мурманской области,Теле2,04 или 04*
52,Нижегородская область,Служба спасения,Билайн,112
52,Нижегородская область,Служба спасения,Мегафон,112
52,Нижегородская область,Служба спасения,МТС,112
52,Нижегородская область,Служба спасения,Нижегородская сотовая связь,112
52,Нижегородская область,Служба спасения,Другие,112
52,Нижегородская область,Служба спасения,Теле2,112
52,Нижегородская область,Служба спасения,Скайлинк,112
52,Нижегородская область,Полиция,Билайн,002 или 883102
52,Нижегородская область,Полиция,Мегафон,020
52,Нижегородская область,Полиция,МТС,020
52,Нижегородская область,Полиция,Нижегородская сотовая связь,
52,Нижегородская область,Полиция,Другие,02 или 020
52,Нижегородская область,Полиция,Теле2,
52,Нижегородская область,Полиция,Скайлинк,
52,Нижегородская область,Скорая медицинская помощь,Билайн,003 или 883103
52,Нижегородская область,Скорая медицинская помощь,Мегафон,030
52,Нижегородская область,Скорая медицинская помощь,МТС,030
52,Нижегородская область,Скорая медицинская помощь,Нижегородская сотовая связь,
52,Нижегородская область,Скорая медицинская помощь,Другие,03 или 030
52,Нижегородская область,Скорая медицинская помощь,Теле2,
52,Нижегородская область,Скорая медицинская помощь,Скайлинк,
52,Нижегородская область,Аварийная газовая служба,Билайн,883104
52,Нижегородская область,Аварийная газовая служба,Мегафон,040
52,Нижегородская область,Аварийная газовая служба,МТС,040
52,Нижегородская область,Аварийная газовая служба,Нижегородская сотовая связь,
52,Нижегородская область,Аварийная газовая служба,Другие,04 или 040
52,Нижегородская область,Аварийная газовая служба,Теле2,
52,Нижегородская область,Аварийная газовая служба,Скайлинк,
53,Новгородская область,Единая служба спасения в Новгородской области ,МТС,112
53,Новгородская область,Единая служба спасения в Новгородской области ,Билайн,112
53,Новгородская область,Единая служба спасения в Новгородской области ,Мегафон,112
53,Новгородская область,Единая служба спасения в Новгородской области ,Другие,112
54,Новосибирская область,Единый телефон пожарных и спасателей в Новосибирской области,Скайлинк,01
54,Новосибирская область,Единый телефон пожарных и спасателей в Новосибирской области,Теле2,010
54,Новосибирская область,Единый телефон пожарных и спасателей в Новосибирской области,Билайн,010
54,Новосибирская область,Единый телефон пожарных и спасателей в Новосибирской области,МТС,010
54,Новосибирская область,Единый телефон пожарных и спасателей в Новосибирской области,Мегафон,010
54,Новосибирская область,Единый телефон пожарных и спасателей в Новосибирской области,Другие,"01 или 010, 01*"
54,Новосибирская область,Интерактивная информационно-справочная система,Скайлинк,
54,Новосибирская область,Интерактивная информационно-справочная система,Теле2,
54,Новосибирская область,Интерактивная информационно-справочная система,Билайн,112
54,Новосибирская область,Интерактивная информационно-справочная система,МТС,112
54,Новосибирская область,Интерактивная информационно-справочная система,Мегафон,
54,Новосибирская область,Интерактивная информационно-справочная система,Другие,
54,Новосибирская область,Полиция в Новосибирской области,Скайлинк,
54,Новосибирская область,Полиция в Новосибирской области,Теле2,
54,Новосибирская область,Полиция в Новосибирской области,Билайн,020
54,Новосибирская область,Полиция в Новосибирской области,МТС,020
54,Новосибирская область,Полиция в Новосибирской области,Мегафон,112
54,Новосибирская область,Полиция в Новосибирской области,Другие,"02 или 020, 02*, 112"
54,Новосибирская область,Скорая помощь в Новосибирской области,Скайлинк,
54,Новосибирская область,Скорая помощь в Новосибирской области,Теле2,
54,Новосибирская область,Скорая помощь в Новосибирской области,Билайн,030
54,Новосибирская область,Скорая помощь в Новосибирской области,МТС,030
54,Новосибирская область,Скорая помощь в Новосибирской области,Мегафон,030
54,Новосибирская область,Скорая помощь в Новосибирской области,Другие,"03 или 030, 03*"
54,Новосибирская область,Аварийная газовая служба в Новосибирской области,Скайлинк,
54,Новосибирская область,Аварийная газовая служба в Новосибирской области,Теле2,
54,Новосибирская область,Аварийная газовая служба в Новосибирской области,Билайн,040
54,Новосибирская область,Аварийная газовая служба в Новосибирской области,МТС,040
54,Новосибирская область,Аварийная газовая служба в Новосибирской области,Мегафон,040
54,Новосибирская область,Аварийная газовая служба в Новосибирской области,Другие,"04 или 040, 04*"
55,Омская область,Служба спасения Омской области,Билайн,112
55,Омская область,Служба спасения Омской области,МТС,112
55,Омская область,Служба спасения Омской области,Мегафон,112
55,Омская область,Служба спасения Омской области,Скайлинк,112
55,Омская область,Служба спасения Омской области,Теле2,112
55,Омская область,Пожарная охрана Омской области,Билайн,010
55,Омская область,Пожарная охрана Омской области,МТС,010
55,Омская область,Пожарная охрана Омской области,Мегафон,010
55,Омская область,Пожарная охрана Омской области,Скайлинк,010
55,Омская область,Пожарная охрана Омской области,Теле2,01*
55,Омская область,Полиция Омской области,Билайн,020
55,Омская область,Полиция Омской области,МТС,020
55,Омская область,Полиция Омской области,Мегафон,020
55,Омская область,Полиция Омской области,Скайлинк,020
55,Омская область,Полиция Омской области,Теле2,02*
55,Омская область,Скорая помощь Омской области,Билайн,030
55,Омская область,Скорая помощь Омской области,МТС,030
55,Омская область,Скорая помощь Омской области,Мегафон,030
55,Омская область,Скорая помощь Омской области,Скайлинк,030
55,Омская область,Скорая помощь Омской области,Теле2,03*
55,Омская область,Аварийная газовая служба Омской области,Билайн,040
55,Омская область,Аварийная газовая служба Омской области,МТС,040
55,Омская область,Аварийная газовая служба Омской области,Мегафон,040
55,Омская область,Аварийная газовая служба Омской области,Скайлинк,040
55,Омская область,Аварийная газовая служба Омской области,Теле2,04*
56,Оренбургская область,Единый телефон спасения,Билайн,112
56,Оренбургская область,Единый телефон спасения,Мегафон,112
56,Оренбургская область,Единый телефон спасения,МТС,112
56,Оренбургская область,Единый телефон пожарных и спасателей,Билайн,010
56,Оренбургская область,Единый телефон пожарных и спасателей,Мегафон,
56,Оренбургская область,Единый телефон пожарных и спасателей,МТС,010101
56,Оренбургская область,Полиция,Билайн,020
56,Оренбургская область,Полиция,Мегафон,
56,Оренбургская область,Полиция,МТС,020202
56,Оренбургская область,Скорая помощь,Билайн,020
56,Оренбургская область,Скорая помощь,Мегафон,
56,Оренбургская область,Скорая помощь,МТС,030303
57,Орловская область,Единая служба спасения ,МТС,112
57,Орловская область,Единая служба спасения ,Билайн,112
57,Орловская область,Единая служба спасения ,Мегафон,112
57,Орловская область,Единая служба спасения ,Теле2,112
57,Орловская область,Единый телефон пожарных и спасателей,МТС,010
57,Орловская область,Единый телефон пожарных и спасателей,Билайн,001
57,Орловская область,Единый телефон пожарных и спасателей,Мегафон,010
57,Орловская область,Единый телефон пожарных и спасателей,Теле2,001
57,Орловская область,Полиция,МТС,020
57,Орловская область,Полиция,Билайн,002
57,Орловская область,Полиция,Мегафон,020
57,Орловская область,Полиция,Теле2,002
57,Орловская область,Скорая медицинская помощь,МТС,030
57,Орловская область,Скорая медицинская помощь,Билайн,003
57,Орловская область,Скорая медицинская помощь,Мегафон,030
57,Орловская область,Скорая медицинская помощь,Теле2,003
57,Орловская область,Аварийная газовая служба,МТС,040
57,Орловская область,Аварийная газовая служба,Билайн,004
57,Орловская область,Аварийная газовая служба,Мегафон,040
57,Орловская область,Аварийная газовая служба,Теле2,004
58,Пензенская область,Единый телефон пожарных и спасателей,Нижегородская сотовая связь,010
58,Пензенская область,Единый телефон пожарных и спасателей,Мегафон,010
58,Пензенская область,Единый телефон пожарных и спасателей,МТС,010
58,Пензенская область,Единый телефон пожарных и спасателей,Билайн,010
58,Пензенская область,Единый телефон пожарных и спасателей,Смартс,01*
58,Пензенская область,Полиция,Нижегородская сотовая связь,020
58,Пензенская область,Полиция,Мегафон,020
58,Пензенская область,Полиция,МТС,020
58,Пензенская область,Полиция,Билайн,020
58,Пензенская область,Полиция,Смартс,03*
58,Пензенская область,Скорая помощь,Нижегородская сотовая связь,030
58,Пензенская область,Скорая помощь,Мегафон,030
58,Пензенская область,Скорая помощь,МТС,030
58,Пензенская область,Скорая помощь,Билайн,030
58,Пензенская область,Скорая помощь,Смартс,04*
58,Пензенская область,Аварийная служба,Нижегородская сотовая связь,040
58,Пензенская область,Аварийная служба,Мегафон,040
58,Пензенская область,Аварийная служба,МТС,040
58,Пензенская область,Аварийная служба,Билайн,040
58,Пензенская область,Аварийная служба,Смартс,01*
60,Псковская область,Единая служба спасения в Новгородской области ,МТС,010
60,Псковская область,Единая служба спасения в Новгородской области ,Билайн,001
60,Псковская область,Единая служба спасения в Новгородской области ,Мегафон,112
60,Псковская область,Единая служба спасения в Новгородской области ,Другие,010
60,Псковская область,Пожарная служба,МТС,010
60,Псковская область,Пожарная служба,Билайн,001 1
60,Псковская область,Пожарная служба,Мегафон,112 - 1
60,Псковская область,Пожарная служба,Другие,010
60,Псковская область,Полиция,МТС,020
60,Псковская область,Полиция,Билайн,001-2
60,Псковская область,Полиция,Мегафон,001-2
60,Псковская область,Полиция,Другие,020
60,Псковская область,Скорая помощь,МТС,030
60,Псковская область,Скорая помощь,Билайн,001-3
60,Псковская область,Скорая помощь,Мегафон,112 - 3
60,Псковская область,Скорая помощь,Другие,030
60,Псковская область,Служба газа,МТС,040
60,Псковская область,Служба газа,Билайн,001-4
60,Псковская область,Служба газа,Мегафон,112 - 4
60,Псковская область,Служба газа,Другие,040
61,Ростовская область,Единая служба спасения в Ростовской области,Смартс,112
61,Ростовская область,Единая служба спасения в Ростовской области,Билайн,112
61,Ростовская область,Единая служба спасения в Ростовской области,МТС,112
61,Ростовская область,Единая служба спасения в Ростовской области,Мегафон,112
61,Ростовская область,Единый телефон пожарных и спасателей в Ростовской области,Смартс,010
61,Ростовская область,Единый телефон пожарных и спасателей в Ростовской области,Билайн,010
61,Ростовская область,Единый телефон пожарных и спасателей в Ростовской области,МТС,010
61,Ростовская область,Единый телефон пожарных и спасателей в Ростовской области,Мегафон,010
61,Ростовская область,Полиция в Ростовской области,Смартс,020
61,Ростовская область,Полиция в Ростовской области,Билайн,020
61,Ростовская область,Полиция в Ростовской области,МТС,020
61,Ростовская область,Полиция в Ростовской области,Мегафон,020
61,Ростовская область,Скорая помощь в Ростовской области,Смартс,030
61,Ростовская область,Скорая помощь в Ростовской области,Билайн,030
61,Ростовская область,Скорая помощь в Ростовской области,МТС,030
61,Ростовская область,Скорая помощь в Ростовской области,Мегафон,030
61,Ростовская область,Аварийная газовая служба в Ростовской области,Смартс,040
61,Ростовская область,Аварийная газовая служба в Ростовской области,Билайн,040
61,Ростовская область,Аварийная газовая служба в Ростовской области,МТС,040
61,Ростовская область,Аварийная газовая служба в Ростовской области,Мегафон,040
62,Рязанская область,Единый телефон пожарных и спасателей в Рязанской области,МТС,112
62,Рязанская область,Единый телефон пожарных и спасателей в Рязанской области,Билайн,112
62,Рязанская область,Единый телефон пожарных и спасателей в Рязанской области,Мегафон,112
62,Рязанская область,Единый телефон пожарных и спасателей в Рязанской области,Теле2,112
62,Рязанская область,Единый телефон пожарных и спасателей в Рязанской области,МТС,011
62,Рязанская область,Единый телефон пожарных и спасателей в Рязанской области,Билайн,001
62,Рязанская область,Единый телефон пожарных и спасателей в Рязанской области,Мегафон,010
62,Рязанская область,Единый телефон пожарных и спасателей в Рязанской области,Теле2,01*
62,Рязанская область,Полиция в Рязанской области,МТС,022
62,Рязанская область,Полиция в Рязанской области,Билайн,002
62,Рязанская область,Полиция в Рязанской области,Мегафон,020
62,Рязанская область,Полиция в Рязанской области,Теле2,02*
62,Рязанская область,Скорая помощь в Рязанской области,МТС,033
62,Рязанская область,Скорая помощь в Рязанской области,Билайн,003
62,Рязанская область,Скорая помощь в Рязанской области,Мегафон,030
62,Рязанская область,Скорая помощь в Рязанской области,Теле2,03*
62,Рязанская область,Аварийная газовая служба в Рязанской области,МТС,044
62,Рязанская область,Аварийная газовая служба в Рязанской области,Билайн,004
62,Рязанская область,Аварийная газовая служба в Рязанской области,Мегафон,040
62,Рязанская область,Аварийная газовая служба в Рязанской области,Теле2,04*
63,Самарская область,Единый телефон спасения,Смартс,112
63,Самарская область,Единый телефон спасения,Билайн,112
63,Самарская область,Единый телефон спасения,МТС,112
63,Самарская область,Единый телефон спасения,Мегафон,112
63,Самарская область,Единый телефон пожарных и спасателей в Самарской области,Смартс,010
63,Самарская область,Единый телефон пожарных и спасателей в Самарской области,Билайн,010
63,Самарская область,Единый телефон пожарных и спасателей в Самарской области,МТС,010
63,Самарская область,Единый телефон пожарных и спасателей в Самарской области,Мегафон,010
63,Самарская область,Полиция,Смартс,020
63,Самарская область,Полиция,Билайн,020
63,Самарская область,Полиция,МТС,020
63,Самарская область,Полиция,Мегафон,020
63,Самарская область,Скорая помощь,Смартс,030
63,Самарская область,Скорая помощь,Билайн,030
63,Самарская область,Скорая помощь,МТС,030
63,Самарская область,Скорая помощь,Мегафон,030
64,Саратовская область,Единый телефон спасения ,Другие,112
64,Саратовская область,Единый телефон спасения ,Билайн,112
64,Саратовская область,Единый телефон спасения ,МТС,112
64,Саратовская область,Единый телефон спасения ,Мегафон,112
64,Саратовская область,Полиция,Другие,002 или 022
64,Саратовская область,Полиция,Билайн,020
64,Саратовская область,Полиция,МТС,020
64,Саратовская область,Полиция,Мегафон,020
64,Саратовская область,Скорая помощь,Другие,003 или 033
64,Саратовская область,Скорая помощь,Билайн,03*
64,Саратовская область,Скорая помощь,МТС,030
64,Саратовская область,Скорая помощь,Мегафон,030
64,Саратовская область,Аварийная газовая служба,Другие,004 или 044
64,Саратовская область,Аварийная газовая служба,Билайн,04*
64,Саратовская область,Аварийная газовая служба,МТС,040
64,Саратовская область,Аварийная газовая служба,Мегафон,040
65,Сахалинская область,Единая служба спасения,Билайн,112
65,Сахалинская область,Единая служба спасения,Мегафон,112
65,Сахалинская область,Единая служба спасения,МТС,112
65,Сахалинская область,Единый телефон пожарных и спасателей,Билайн,001
65,Сахалинская область,Единый телефон пожарных и спасателей,Мегафон,010
65,Сахалинская область,Единый телефон пожарных и спасателей,МТС,010
65,Сахалинская область,Полиция,Билайн,002
65,Сахалинская область,Полиция,Мегафон,020
65,Сахалинская область,Полиция,МТС,020
65,Сахалинская область,Скорая медицинская помощь,Билайн,003
65,Сахалинская область,Скорая медицинская помощь,Мегафон,030
65,Сахалинская область,Скорая медицинская помощь,МТС,030
65,Сахалинская область,Аварийная газовая служба,Билайн,004
65,Сахалинская область,Аварийная газовая служба,Мегафон,040
65,Сахалинская область,Аварийная газовая служба,МТС,040
66,Свердловская область,МЧС России по Свердловской области,Другие,"010, 901"
66,Свердловская область,МЧС России по Свердловской области,Билайн,001
66,Свердловская область,МЧС России по Свердловской области,МТС,010
66,Свердловская область,МЧС России по Свердловской области,Мегафон,010
66,Свердловская область,Полиция в Свердловской области,Другие,"020, 902"
66,Свердловская область,Полиция в Свердловской области,Билайн,002
66,Свердловская область,Полиция в Свердловской области,МТС,020
66,Свердловская область,Полиция в Свердловской области,Мегафон,020
66,Свердловская область,Скорая помощь в Свердловской области,Другие,"030, 903"
66,Свердловская область,Скорая помощь в Свердловской области,Билайн,003
66,Свердловская область,Скорая помощь в Свердловской области,МТС,030
66,Свердловская область,Скорая помощь в Свердловской области,Мегафон,030
66,Свердловская область,Газовая служба в Свердловской области,Другие,"040, 904"
66,Свердловская область,Газовая служба в Свердловской области,Билайн,004
66,Свердловская область,Газовая служба в Свердловской области,МТС,040
66,Свердловская область,Газовая служба в Свердловской области,Мегафон,040
67,Смоленская область,Единая служба спасения в Костромской области,МТС,112
67,Смоленская область,Единая служба спасения в Костромской области,Билайн,112
67,Смоленская область,Единая служба спасения в Костромской области,Мегафон,112
67,Смоленская область,Единая служба спасения в Костромской области,Другие,112
67,Смоленская область,Единый телефон пожарных и спасателей,МТС,011
67,Смоленская область,Единый телефон пожарных и спасателей,Билайн,001
67,Смоленская область,Единый телефон пожарных и спасателей,Мегафон,419-000
67,Смоленская область,Единый телефон пожарных и спасателей,Другие,011
67,Смоленская область,Полиция,МТС,022
67,Смоленская область,Полиция,Билайн,002
67,Смоленская область,Полиция,Мегафон,419-000
67,Смоленская область,Полиция,Другие,022
67,Смоленская область,Скорая помощь,МТС,033
67,Смоленская область,Скорая помощь,Билайн,003
67,Смоленская область,Скорая помощь,Мегафон,419-000
67,Смоленская область,Скорая помощь,Другие,033
67,Смоленская область,Аварийная газовая служба,МТС,044
67,Смоленская область,Аварийная газовая служба,Билайн,004
67,Смоленская область,Аварийная газовая служба,Мегафон,044
67,Смоленская область,Аварийная газовая служба,Другие,044
68,Тамбовская область,Единая служба спасения в  Тамбовской области,Другие,010
68,Тамбовская область,Единая служба спасения в  Тамбовской области,Билайн,112
68,Тамбовская область,Единая служба спасения в  Тамбовской области,МТС,010
68,Тамбовская область,Единая служба спасения в  Тамбовской области,Мегафон,010
68,Тамбовская область,Полиция в Тамбовской области,Другие,020
68,Тамбовская область,Полиция в Тамбовской области,Билайн,002
68,Тамбовская область,Полиция в Тамбовской области,МТС,020
68,Тамбовская область,Полиция в Тамбовской области,Мегафон,020
68,Тамбовская область,Скорая помощь в Тамбовской области,Другие,030
68,Тамбовская область,Скорая помощь в Тамбовской области,Билайн,003
68,Тамбовская область,Скорая помощь в Тамбовской области,МТС,030
68,Тамбовская область,Скорая помощь в Тамбовской области,Мегафон,030
68,Тамбовская область,Аварийная газовая служба в Тамбовской области,Другие,040
68,Тамбовская область,Аварийная газовая служба в Тамбовской области,Билайн,004
68,Тамбовская область,Аварийная газовая служба в Тамбовской области,МТС,040
68,Тамбовская область,Аварийная газовая служба в Тамбовской области,Мегафон,040
69,Тверская область,Единая служба спасения ,МТС,112
69,Тверская область,Единая служба спасения ,Билайн,112
69,Тверская область,Единая служба спасения ,Мегафон,112
69,Тверская область,Единая служба спасения ,Теле2,112
69,Тверская область,Единый телефон пожарных и спасателей в Тверской области,МТС,010
69,Тверская область,Единый телефон пожарных и спасателей в Тверской области,Билайн,001
69,Тверская область,Единый телефон пожарных и спасателей в Тверской области,Мегафон,112(доб 1)
69,Тверская область,Единый телефон пожарных и спасателей в Тверской области,Теле2,010
69,Тверская область,Полиция в Тверской области,МТС,020
69,Тверская область,Полиция в Тверской области,Билайн,002
69,Тверская область,Полиция в Тверской области,Мегафон,112(доб 2)
69,Тверская область,Полиция в Тверской области,Теле2,020
69,Тверская область,Скорая помощь в Тверской области,МТС,030
69,Тверская область,Скорая помощь в Тверской области,Билайн,003
69,Тверская область,Скорая помощь в Тверской области,Мегафон,112(доб 3)
69,Тверская область,Скорая помощь в Тверской области,Теле2,030
69,Тверская область,Аварийная газовая служба в Тверской области,МТС,040
69,Тверская область,Аварийная газовая служба в Тверской области,Билайн,004
69,Тверская область,Аварийная газовая служба в Тверской области,Мегафон,112 (доб 4)
69,Тверская область,Аварийная газовая служба в Тверской области,Теле2,040
70,Томская область,Единая служба спасения в Томской области,Другие,112
70,Томская область,Единая служба спасения в Томской области,Билайн,112
70,Томская область,Единая служба спасения в Томской области,МТС,112
70,Томская область,Единая служба спасения в Томской области,Мегафон,112
70,Томская область,Единый телефон пожарных и спасателей в Томской области,Другие,010
70,Томская область,Единый телефон пожарных и спасателей в Томской области,Билайн,010
70,Томская область,Единый телефон пожарных и спасателей в Томской области,МТС,010
70,Томская область,Единый телефон пожарных и спасателей в Томской области,Мегафон,010
70,Томская область,Полиция в Томской области,Другие,020
70,Томская область,Полиция в Томской области,Билайн,020
70,Томская область,Полиция в Томской области,МТС,020
70,Томская область,Полиция в Томской области,Мегафон,020
70,Томская область,Скорая помощь в Томской области,Другие,030
70,Томская область,Скорая помощь в Томской области,Билайн,030
70,Томская область,Скорая помощь в Томской области,МТС,030
70,Томская область,Скорая помощь в Томской области,Мегафон,030
70,Томская область,Аварийная газовая служба в Томской области,Другие,040
70,Томская область,Аварийная газовая служба в Томской области,Билайн,040
70,Томская область,Аварийная газовая служба в Томской области,МТС,040
70,Томская область,Аварийная газовая служба в Томской области,Мегафон,040
71,Тульская область,Единая служба спасения в Тульской области,МТС,112
71,Тульская область,Единая служба спасения в Тульской области,Билайн,112
71,Тульская область,Единая служба спасения в Тульской области,Мегафон,112
71,Тульская область,Единая служба спасения в Тульской области,Другие,112
71,Тульская область,Единый телефон пожарных и спасателей в Тульской области,МТС,"010, 011"
71,Тульская область,Единый телефон пожарных и спасателей в Тульской области,Билайн,001
71,Тульская область,Единый телефон пожарных и спасателей в Тульской области,Мегафон,010
71,Тульская область,Единый телефон пожарных и спасателей в Тульской области,Другие,"010, 001"
71,Тульская область,Полиция в Тульской области,МТС,"020, 022"
71,Тульская область,Полиция в Тульской области,Билайн,002
71,Тульская область,Полиция в Тульской области,Мегафон,020
71,Тульская область,Полиция в Тульской области,Другие,"020, 002"
71,Тульская область,Скорая помощь в Тульской области,МТС,"030, 033"
71,Тульская область,Скорая помощь в Тульской области,Билайн,003
71,Тульская область,Скорая помощь в Тульской области,Мегафон,030
71,Тульская область,Скорая помощь в Тульской области,Другие,"030, 003"
71,Тульская область,Аварийная газовая служба в Тульской области,МТС,"040, 044"
71,Тульская область,Аварийная газовая служба в Тульской области,Билайн,004
71,Тульская область,Аварийная газовая служба в Тульской области,Мегафон,040
71,Тульская область,Аварийная газовая служба в Тульской области,Другие,"040, 004"
72,Тюменская область,Единая диспетчерская служба в Тюменской области,МТС,"112, 001"
72,Тюменская область,Единая диспетчерская служба в Тюменской области,Билайн,"112, 001"
72,Тюменская область,Единая диспетчерская служба в Тюменской области,Мегафон,"112, 010"
72,Тюменская область,Единая диспетчерская служба в Тюменской области,Другие,"112, 011"
73,Ульяновская область,Единый телефон спасения ,Другие,112
73,Ульяновская область,Единый телефон спасения ,Смартс,112
73,Ульяновская область,Единый телефон спасения ,Билайн,112
73,Ульяновская область,Единый телефон спасения ,МТС,112
73,Ульяновская область,Единый телефон спасения ,Мегафон,112
73,Ульяновская область,Единый телефон пожарных и спасателей,Другие,Ульяновск GSM: 010
73,Ульяновская область,Единый телефон пожарных и спасателей,Смартс,001
73,Ульяновская область,Единый телефон пожарных и спасателей,Билайн,001
73,Ульяновская область,Единый телефон пожарных и спасателей,МТС,01*
73,Ульяновская область,Единый телефон пожарных и спасателей,Мегафон,001
73,Ульяновская область,Полиция,Другие,Ульяновск GSM: 020
73,Ульяновская область,Полиция,Смартс,002
73,Ульяновская область,Полиция,Билайн,002
73,Ульяновская область,Полиция,МТС,02*
73,Ульяновская область,Полиция,Мегафон,002
73,Ульяновская область,Скорая помощь,Другие,Ульяновск GSM: 030
73,Ульяновская область,Скорая помощь,Смартс,003
73,Ульяновская область,Скорая помощь,Билайн,003
73,Ульяновская область,Скорая помощь,МТС,03*
73,Ульяновская область,Скорая помощь,Мегафон,003
73,Ульяновская область,Аварийная служба,Другие,Ульяновск GSM: 040
73,Ульяновская область,Аварийная служба,Смартс,004
73,Ульяновская область,Аварийная служба,Билайн,004
73,Ульяновская область,Аварийная служба,МТС,04*
73,Ульяновская область,Аварийная служба,Мегафон,004
74,Челябинская область,МЧС России по Челябинской области,МТС,01111
74,Челябинская область,МЧС России по Челябинской области,Билайн,001
74,Челябинская область,МЧС России по Челябинской области,Мегафон,0101
74,Челябинская область,МЧС России по Челябинской области,Другие,010
76,Ярославская область,Единая служба спасения в Ярославской области,МТС,112
76,Ярославская область,Единая служба спасения в Ярославской области,Билайн,112
76,Ярославская область,Единая служба спасения в Ярославской области,Мегафон,112
76,Ярославская область,Единая служба спасения в Ярославской области,Смартс,112
76,Ярославская область,Единая служба спасения в Ярославской области,Скайлинк,112
76,Ярославская область,Полиция в Ярославской области,МТС,020
76,Ярославская область,Полиция в Ярославской области,Билайн,002
76,Ярославская область,Полиция в Ярославской области,Мегафон,112
76,Ярославская область,Полиция в Ярославской области,Смартс,020
76,Ярославская область,Полиция в Ярославской области,Скайлинк,020
76,Ярославская область,Скорая помощь в Ярославской области,МТС,030
76,Ярославская область,Скорая помощь в Ярославской области,Билайн,003
76,Ярославская область,Скорая помощь в Ярославской области,Мегафон,112
76,Ярославская область,Скорая помощь в Ярославской области,Смартс,030
76,Ярославская область,Скорая помощь в Ярославской области,Скайлинк,030
76,Ярославская область,Аварийная газовая служба в Ярославской области,МТС,040
76,Ярославская область,Аварийная газовая служба в Ярославской области,Билайн,004
76,Ярославская область,Аварийная газовая служба в Ярославской области,Мегафон,112
76,Ярославская область,Аварийная газовая служба в Ярославской области,Смартс,040
76,Ярославская область,Аварийная газовая служба в Ярославской области,Скайлинк,040
77,Москва,Единый телефон пожарных и спасателей,Билайн,112
77,Москва,Единый телефон пожарных и спасателей,Мегафон,112
77,Москва,Единый телефон пожарных и спасателей,МТС,112
77,Москва,Единый телефон пожарных и спасателей,Скайлинк,01
77,Москва,Полиция,Билайн,112
77,Москва,Полиция,Мегафон,112
77,Москва,Полиция,МТС,112
77,Москва,Полиция,Скайлинк,02
77,Москва,Скорая помощь,Билайн,112
77,Москва,Скорая помощь,Мегафон,112
77,Москва,Скорая помощь,МТС,112
77,Москва,Скорая помощь,Скайлинк,03
77,Москва,Аварийная газовая служба,Билайн,112
77,Москва,Аварийная газовая служба,Мегафон,112
77,Москва,Аварийная газовая служба,МТС,112
77,Москва,Аварийная газовая служба,Скайлинк,04
78,Санкт-Петербург,Единая служба спасения,Билайн,112
78,Санкт-Петербург,Единая служба спасения,МТС,112
78,Санкт-Петербург,Единая служба спасения,Мегафон,112
78,Санкт-Петербург,Единая служба спасения,Другие,8 812 01
79,Еврейская автономная область,Единая служба спасения,Билайн,112
79,Еврейская автономная область,Единая служба спасения,Мегафон,112
79,Еврейская автономная область,Единая служба спасения,МТС,112
79,Еврейская автономная область,Единый телефон пожарных и спасателей,Билайн,001
79,Еврейская автономная область,Единый телефон пожарных и спасателей,Мегафон,010
79,Еврейская автономная область,Единый телефон пожарных и спасателей,МТС,010
79,Еврейская автономная область,Полиция,Билайн,002
79,Еврейская автономная область,Полиция,Мегафон,020
79,Еврейская автономная область,Полиция,МТС,020
79,Еврейская автономная область,Скорая медицинская помощь,Билайн,003
79,Еврейская автономная область,Скорая медицинская помощь,Мегафон,030
79,Еврейская автономная область,Скорая медицинская помощь,МТС,030
79,Еврейская автономная область,Аварийная газовая служба,Билайн,004
79,Еврейская автономная область,Аварийная газовая служба,Мегафон,040
79,Еврейская автономная область,Аварийная газовая служба,МТС,040
83,Ненецкий автономный округ,Единая служба спасения ,Мегафон,112
83,Ненецкий автономный округ,Единая служба спасения ,Билайн,001
83,Ненецкий автономный округ,Единая служба спасения ,МТС,010
83,Ненецкий автономный округ,Пожарная охрана и служба спасения,Мегафон,112 - 1
83,Ненецкий автономный округ,Пожарная охрана и служба спасения,Билайн,001
83,Ненецкий автономный округ,Пожарная охрана и служба спасения,МТС,010
83,Ненецкий автономный округ,Полиция,Мегафон,112 - 2
83,Ненецкий автономный округ,Полиция,Билайн,002
83,Ненецкий автономный округ,Полиция,МТС,020
83,Ненецкий автономный округ,Служба скорой помощи,Мегафон,112 - 3
83,Ненецкий автономный округ,Служба скорой помощи,Билайн,003
83,Ненецкий автономный округ,Служба скорой помощи,МТС,030
83,Ненецкий автономный округ,Служба газа,Мегафон,112 - 4
83,Ненецкий автономный округ,Служба газа,Билайн,004
83,Ненецкий автономный округ,Служба газа,МТС,040
86,Ханты-Мансийский автономный округ - Югра,Единая служба спасения в Ханты-Мансийском АО,МТС,112
86,Ханты-Мансийский автономный округ - Югра,Единая служба спасения в Ханты-Мансийском АО,Билайн,112
86,Ханты-Мансийский автономный округ - Югра,Единая служба спасения в Ханты-Мансийском АО,Мегафон,112
86,Ханты-Мансийский автономный округ - Югра,Единая служба спасения в Ханты-Мансийском АО,Другие,112
87,Чукотский автономный округ,Единая служба спасения,Билайн,112
87,Чукотский автономный округ,Единая служба спасения,Мегафон,112
87,Чукотский автономный округ,Единая служба спасения,МТС,112
87,Чукотский автономный округ,Единый телефон пожарных и спасателей,Билайн,001
87,Чукотский автономный округ,Единый телефон пожарных и спасателей,Мегафон,010
87,Чукотский автономный округ,Единый телефон пожарных и спасателей,МТС,010
87,Чукотский автономный округ,Полиция,Билайн,002
87,Чукотский автономный округ,Полиция,Мегафон,020
87,Чукотский автономный округ,Полиция,МТС,020
87,Чукотский автономный округ,Скорая медицинская помощь,Билайн,003
87,Чукотский автономный округ,Скорая медицинская помощь,Мегафон,030
87,Чукотский автономный округ,Скорая медицинская помощь,МТС,030
87,Чукотский автономный округ,Аварийная газовая служба,Билайн,004
87,Чукотский автономный округ,Аварийная газовая служба,Мегафон,040
87,Чукотский автономный округ,Аварийная газовая служба,МТС,040
89,Ямало-Ненецкий автономный округ,Номера экстренных служб в Ямало-Ненецком АО ,Ютел,112
89,Ямало-Ненецкий автономный округ,Номера экстренных служб в Ямало-Ненецком АО ,МТС,112
89,Ямало-Ненецкий автономный округ,Номера экстренных служб в Ямало-Ненецком АО ,Мегафон,112
89,Ямало-Ненецкий автономный округ,Номера экстренных служб в Ямало-Ненецком АО ,Билайн,001
